"Id","Hash"
"abcd2c10-1078-4cf9-b320-04ca38d22f98","9532893c1d358188d66b0d7b0784bb6b"
"ba91bce3-2cf9-4c44-bbd8-1170a44d23db","4b22e494ad2ac90c42f02dcca0328b7c"
"de4dd27a-1f7e-4271-98a4-55395ab6aabf","83601bbe5563d92c1fdb4e960d84dc77"
"22aa985b-5fdb-4e38-9382-a496220c27ec","2e1f8a2a80221deb93496a861693c565"
"e0e93453-1007-4799-ad02-9b461b7e0398","f53fa44c7b591a2be105344790543369"
"2cfede23-67f4-4af7-830f-c95ba30a43ae","0c74d09da7baf7c05360346e4c3512d0cd433d59"
"24fb7bab-b8c3-46ea-a370-c84d2f0ff614","778b7feea3c750d44745d3bf294bd4ce"
"62f76f62-ef82-49ea-a26f-36e5727e8d83","bc1eeb4993a601e6f7776233028ac095,a2be99e4904264baa5649c4d4cd13a17"
"3f39af20-802a-4909-a5de-7f6fe7aab350","4f27c09cc8680e06b04d6a9c34ca1e08"
"e71f0866-e317-44d4-a456-d6f0c555aa73","15c53eb3a0ea44bbd2901a45a6ebeae29bb123f9c1115c38dfb2cdbec0642229"
"7bb5ff05-25f8-410d-ae99-c8e8f082d24f","828bb9cb1dd449cd65a29b18ec46055f,12cecc3c14160f32b21279c1a36b8338,27bcbeec8a466178a6057b64bef66512,0c0195c48b6b8582fa6f6373032118da"
"16d8962b-cf96-432f-8a43-d41f06828f56","a89ca92145fc330adced0dd005421183,26ce59f9fc8639fd7fed53ce3b785015,75dbd5db9892d7451d0429bec1aabe1a,fe820a5f99b092c3660762c6fc6c64e0,262969a3fab32b9e17e63e2d17a57744,17719a7f571d4cd08223f0b30f71b8b8,21be10f66bb65c1d406407faa0b9ba95,4885e1bf1971c8fa9e7686fd5199f500,ab4ee84e09b09012ac86d3a875af9d43,743c403d20a89db5ed84c874768b7119,e0bfbdf3793ea2742c03f5a82cb305a5,22ca5fe8fb0e5e22e6fb0848108c03f4,3ab94fba7196e84a97e83b15f7bcb270,e323413de3caec7f7730b43c551f26a0,c9c25778efe890baa4087e32937016a0,2f8653034a35526df88ea0c62b035a42,e747f164fc89566f934f9ec5627cd8c3,c08063f052308b6f5882482615387f30,549e5148be5e7be17f9d416d8a0e333e,d0c2caa17c7b6d2200e1b5aa9d07135e,f310b453ac562f2c53d30aa6e35506bb,aa69b4255e786d968adbd75ba5cf3e93,3411fdf098aa20193eee5ffa36ba43b2,f60a9b88c6ff07d4990d8653d0025683,c046ca4da48db1524ddf3a49a8d02b65,0283b43c6bc965175a1c92b255d39556,4a85754636c694572ca9f440d254f5ce,8741e6df191c805028b92cec44b1ba88,bf581e9eb91bace0b02a2c5a54bf1419,94ccef76fda12ab0b8270f9b2980552b,9b157f1261a8a42e4ef5ec23dd4cda9e,5212e0957468d3f94d90fa7a0f06b58f,56b54823a79a53747cbe11f8c4db7b1e,29872c7376c42e2a64fa838dad98aa11,557fd33ee99db6fe263cfcb82b7866b3,c516acb873c7f8c24a0431df8287756e,641243746597fbd650e5000d95811ea3,a453083b8f4ca7cb60cac327e97edbe2,07493c774aa406478005e8fe52c788b2,e425c66663c96d5a9f030b0ad4d219a8,ccb09eb78e047c931708149992c2e435,43bfc857406191963f4f3d9f1b76a7bf,8f5b84350bfc4fe3a65d921b4bd0e737,ce57844fb185d0cdd9d3ce9e5b6a891d,8ad9dfc971df71cd43788ade6acf8e7d"
"23f11e19-0776-4dd4-9c9c-7f6b60f8553f","b12d1630fd50b2a21fd91e45d522ba3a"
"6a50e368-1120-434b-9232-1a0702c80437","12908c285b9d68ee1f39186110df0f1e"
"edd29861-6984-4dbe-8e7c-22e9b6cf68d0","bbbc9a6cc488cfb0f6c6934b193891eb,1b5c3c458e31bede55145d0644e88d75"
"204eccdf-99ca-4f2a-a325-8ebe34fd29a1","221dfbc74bbb255b0879360ccc71a74b756b2e0f16e9386b38a9ce9d4e2e34f9"
"fda3ff67-12dc-488c-a4c2-603f5bf420bd","e3d290406de40c32095bd76dc88179fb"
"e368efc7-cf69-47ae-8204-f69dac000b22","05ad4a6ef441e94acb1a1a9a11a26f3a,a7c2bc345d60cddf2cf4f5dd416a127b,2491a4ddb3f7a6688669831969b47669,724a9e06f0a846f2556f2e3edd251cc4,67f6d2a931f194396bda9b05690008d2,b2ada4eb20649839a54db078fa6bb1bd,2f6cf948117cbd383315ebf070d27aa4,e6ed15980616aa706bf85e6f256d2ebe,9c14315e086882e89a01c9700c4b5530,ad6ec006e29343c466f73bf47fe0caf3,2391fb461b061d0e5fccb050d4af7941,f58e9309d8251a3010ee022aa5a6e377,3a3d54e49cae4b51f5231d3ae6724fcd,57fdf2cc39a2865dd67dcf762d2c0b7f,98eaed36ba245047410a19c191cd1a69,3a41edc1dda049a1b8aa411f728831e0,848690ca707b4850c967e3217f285fcc,a8dd685a6afb748c9f487a139c9c367b,501945a3f0055033edc64be09717eef2,5cc5fc8ce149dca1d05fb47c0aec9497,3b967b644881ccb5a95f06e903d8b218,d7b749051da5fb4604f4141f19c47660,47aa03a10ac3a407f8f30f1088edcbc9"
"bd9f084e-b235-4978-bf2a-5f1dc02937df","761f2e2b759389a472bd3d94141742b9"
"5076e737-6744-4266-bef7-bceda65050d6","9347fbeeaf917fc4a1d64a0b4d61187a"
"1068f5cc-65dd-4fd0-b3d8-1d982b37405f","01779ee53f999464465ed690d823d160f73f10e7"
"76b5dfae-b384-45ce-8646-b2eec6b76a1e","c901887f28bbb55a10eb934755b47227"
"34fa6ba4-dc7c-4fd6-b947-8a0bb8ebd031","0dff47f3b14fb1c1bad47cc517f0581a,ee57cbe6ec6a703678eaa6c59542ff57,df5f8e118a97d1b38833fcdf7127ab29,785045f8b25cd2e937ddc6b09debe01a,119f0656ab4bb872f79ee5d421e2b9f9,530feb1e37831302f58b7c219be6b844,c098f8aeb67eeb2262dbf681690a9306,f22740ba54a400fd2be7690bb204aa08,24156523b923fd9dcfdd0ac684dcdb20,7331720a5522d5cd972623326cf87a3f,2971d4ee95f640d2818e38d8877c8984,2503c4cf31588f0b011eb992ca3ee7ff,e5e8ecb20bc5630414707295327d755e,1f7b2a00fe0c55d17d1b04c5e0507970,7b9717c608a5f5a1c816128a609e9575,6ab7b8ef0c44e7d2d5909fdb58d37fa5,f41f65189b796534d8ef6bf9caa06853,304f7b25251e688516aa452411c0d439,cb6173824b31a721e5cf332c75bb2473,73fc2954829a49fc8eb178b000d10120,28463a6a70f9a686a45934f6559b9b17,b15a6de1b4a01c73a16f158c2b6b979f,6b53c79248a6699da703c4c3ff9d4a7e,5f463e27d90035be365077d1d1ebb3d7"
"dfce8b0f-d857-4808-80ef-61273c7a4183","51207adb8dab983332d6b22c29fe8129"
"85f8ad5b-c5aa-468b-99f3-4b0aacfaa724","43e12d7695fb568b5fce049341ae9175"
"e299b0b6-e5e2-45b3-bf0b-c008068cebfa","f5051c756035ef5de9c4c48bacb0612b"
"6736cbe7-33ea-4488-b464-231c0b8d1049","5d4df0bac74e9ac62af6bc99440b050b"
"cf94939a-703f-46a4-917b-d6af7e0685ef","d988f9a62b8a4936a47aa70d6bc52c27"
"02e4a30f-8aa8-4ff0-8e02-1bff1d0f088f","d9c24542dd04d2562ae9e050061cee1d"
"c95a796a-a8f6-4cfa-bc42-4936ecb59091","aa2be4dc59afe5a8433882bc29429139"
"4db827b1-325b-444d-9f23-171285a4d12f","cd9f0fcecf1664facb3671c0130dc8bb"
"500e07cb-77c6-4e83-ae3f-73f70f1c10b5","59a48daa7dbdcb13bd0a11c71e1ad2f7"
"9e87b6b0-00ed-4259-bcd7-05e2c924d58c","49fe3d1f3d5c2e50a0df0f6e8436d778"
"8ff4ab50-05b7-4bfa-b994-1920c4ed4978","a26e600652c33dd054731b4693bf5b01"
"6d21df78-d718-44df-b722-99eec654f5b2","dc943bf367ae77016ae399df8e71d38a"
"2aa003cd-5f36-46a6-ae3d-f5afc2c8baa3","5cc5c26fc99175997d84fe95c61ab2c2,fa63a634189bd4d6570964e2161426b0,fbf729350ca08a7673b115ce9c9eb7e5,766f9ea38918827df59a6aed204d2b09,00f887e74faad40e6e97d9d0e9c71370,5c9f240e0b83df758993837d18859cbe"
"a005e057-c84f-47cd-9b4b-5b1e51a06ab4","2fed983ec44d1e7cffb0d516407746f2"
"96c8fe71-3acc-41bc-9402-ebd69a961d74","4c2a43fb610d0f51a9531ebe8420c20a"
"e42cd285-4dda-4086-a696-93ab1d6f17ca","e8ebba56ea799e1e62748c59e1a4c586"
"6ec5ddda-f302-4008-a73e-12814c1d571f","17b97fbe2e8834d7ad30211635e1b271,7ee0c884e7d282958c5b3a9e47f23e13,030c8432981e4d41b191624b3e07afe2,715ac0756234a203cb7ce8524b6ddc0d,f84da507b3067f019c340b737cd68d32,4814205270caa80d35569eee8081838e,dbf11f3fad1db3eb08e2ee24b5ebfb95,5a1ee9e6a177f305765f09b0ae6ac1c5,6682176866d6bd6b4ea3c8e398bd3aae"
"b45a3fdf-592a-4cd9-81e2-8fe03d554cad","4941c4298f4560fc1e59d0f16f84bab5c060793700b82be2fd7c63735f1657a8"
"c08c03ff-a7b7-4282-a9fc-265ae88dc244","c15eb30e806ad5e771b23423fd2040b0,9c3c250646e11052b1e38500ee0e467b"
"043773c5-120a-4c6b-8485-8f1f5c47fd3e","c61876aaca6ce822be18adb9d9bd4260,56a9e9b5334f8698a0ede27c64140982,94999245e9580c6228b22ac44c66044c,93a23503e26773c27ed1da06bb79e7a4,25190f667f31318dd9a2e36383d5709f,e7273e17ac85dc4272c4c4400091a19e,812e960977116bf6d6c1ccf8b5dd351f,595363661db3e50acc4de05b0215cc6f,6212832f13b296ddbc85b24e22edb5ec,cc8855fe30a9cdef895177a4cf1a3dad,f83c61adbb154d46dd8f77923aa7e9c3,a3af4a4fa6cba27284f8289436c2f074,88d5fc86f0dd3a8b42463f8d5503a570,e4d4a22cbf94e6b0a92fc36d46741f56,a22626febc924eb219a953f1ee2b9600,66e0db8a5b0425459d0430547ecbb3db,cb31f1b637056a3d374e22865c41e6d9,d0a5b98788e480c12afc65ad3e6d4478,84c4d8ae023ca9bb60694fa467141247,14add4f16d80595e6e816abf038141e5,53bb10742e10991af4ad280fcb134151,045ef7a39288ba1f4b8d6eca43def44f,11dc5523bb559f8d2ce637f6a2b70dea,9f3b5de6fe46429bed794813c6ae8421,f0aeb731d83f7ab6008c92c97faf6233,700d6a0331befd4ed9cfbb3234b335e7,9eb524c5f92e5b80374b8261292fdeb5,9496585198d726000ea505abc39dbfe9,ceac1347acae9ad9496d4b0593256522,35c8fdf881909fa28c92b1c2741ac60b,300d6ac47a146eb8eb159f51bc13f7cf,dcd966874b4c8c952662d2d16ddb4d7c,991230087394738976dbd44f92516cae,259381daae0357fbfefe1d92188c496a,16472fca75ab4b5647c99de608949cde,0e207ef80361b3d047a2358d0e2206b4,a4531040276080441974d9e00d8d4cfa,7fbd3b4488a12eab56c54e7bb91516f3,65e6718a547495c692e090d7887d247b"
"0567c6c4-282f-406f-9369-7f876b899c25","e6cb1728c50bd020e531d19a14904e1c,fea9319d67177ed6f36438d2bd9392fb,eeb8e039f6d942538eb4b0252117899a,c56a9ed0192c5a2b39691e54f2132a2f,6ff59faea912903af0ba8e80e58612bc,8e78ab9b9709bafb11695a0a6eddeff9,a91a1bc393971a662a3210dac8c17dfd,e4a0bba88605d4c07b58a2cc3fac0fe9,880686bceaf66bfde3c80569eb1ebfa7,ad03f225247b58a57584b40a4d1746d3,90f8c1b76f786814d03ef4c51d4abb6d,f9d04e99e4cab90973226a4555bc6d57,659a59d7e26b7730361244e12201378e,da6f7407c4656a2dbaf16a407aff1a38,6b3abe55c4d39e305a11b4d1091dfaac,cec257dcac9e708cefb17f8984dd0a70,bf74d0706f5ab9c34067192260f4efb0,92927c47d6ff139c9b19674c9d0088f6,2e219df70fccb79351f0452cba86623e,0ef05030abd55ba6b02faa2c0970f67f,b7ca4c32c844df9b61634052ae276387,9beecfb3146f19400880da61476ef940,b79475c4783efdd8122694c6b5669a79,318e309e11199ec69d8928c46a4d901b,c69c292e0b76b25a5fa0e16136770e11,9982da703f13140997e137b1e745a2e3,9b9d367cb53df0a2e0850760c840d016,ad03f225247b58a57584b40a4d1746d3,97e3a44ec4ae58c8cc38eefc613e950e,b79475c4783efdd8122694c6b5669a79,c06dda757b92e79540551efd00b99d4b"
"3ac0eda2-a844-4a9d-9cfa-c25a9e05d678","a9f220b1507a3c9a327a99995ff99c82"
"af98f6e6-f19e-4705-a7b9-e7ee7377447b","afdb17f38361130453ea1098c7ddb754"
"2a6a38ca-f2e6-456e-9ccf-db59d8c80c9e","ba86e444ae837476e7ccdd06f8867795"
"73196456-40ae-4b6d-8562-07cf99458a7d","4ff880566f22919ed94ffae215d39da5,7e7e3f5532b6af24dcc252ac4b240311"
"6356d7d9-3b82-4731-9d5f-cc9bc37558fc","665a059e07c388eaf57dc04aec0c8552"
"3bf3fd5d-dee3-42da-b8be-6a0b8b7bc88c","8c8c93a6b6c6d6e632a54877fc1a209e"
"6c0c60f0-895d-428a-a8ae-e10390bceb12","3fa2e254bfbce52b3c6f1bf23aab6911,dc8d2952fb6ffbaec67bd1b93a34df11"
"9a4fb66e-9084-4b21-9d76-a7afbe330606","e4266262a77fffdea2584283f6c4f51d"
"613b8509-18c0-4720-b489-736776b6713e","b0954711c133d284a171dd560c8f492a,043d5a1fc66662a3f91b8a9c027f9be9,3c55092900343d3d28564e2d34e7be2c,7907e14f9bcf3a4689c9a74a1a873cb6,a72e10ecea2fdeb8b9d4f45d0294086b,31f34de4374a6ed0e70a022a0efa2570,4e093256b034925ecd6b29473ff16858,1549e6cbce408acaddeb4d24796f2eaf,c832a4313ff082258240b61b88efa025,d556cb79967e92b5cc69686d16c1d846"
"b9b835bd-b720-424b-9160-2442bc4d6e58","a42d87de65d7136620b63d5c4ee017ea"
"ce2d41fd-908f-414c-b6b5-338298f425b8","a785b3bc4309d2eb111911c1b55e793f"
"2225128d-a23f-434a-aaee-69a88ea64fbd","76c8d022c6788a3b29ebc19e8d7956c4,28042093c08db49d0e0dc1903cf46907,8602bd2326f95beecf25fded10f5bc8a,a058cb2f78d6c44d26def1e264d67e78,6b5a579b2039eaa97b1694468dab2119,49dbc80ecf8e331ff828b964e491621b,2293aa65ada1c1d15a1ffb596612aee3,7ceb48348ecd008c97bb5f74bdbea843,52c7dac60d4b5c673441da38983df4ad,ecbc7e628a7ea22a3b90d9b16a948707,a57afed9703b5893fbfee5f9710b8aee"
"cf49f43c-d7b4-4c1a-a40d-1be36ea64bff","31eca8c0b32135850d5a50aee11fec87"
"9bf033e4-7295-4b63-8772-638b76851741","1f01257d9730f805b2a1d69099ef891d,5b6c21e8366220f7511e6904ffeeced9,4429f85e2415742c7cf8c9f54905c4b9,006d9d615cdcc105f642ab599b66f94e,dab9142dc12480bb39f25c9911df6c6c,0cd2504a2e0a8ad81d9a3a6a1fad7306,f7745b42882dec947f6629ab9b7c39b7,ca7b41ce335051bf9dd7fa4a55581296,159f89d9870e208abd8b912c3d1d3ae9,6ba221afb17342a3c81245a4958516a2,f3f5c518bc3715492cb0b7c59e94c357,ee3b74cdfed959782dff84153e3d5a6e,7d87a9c54e49943bf18574c6f02788ee,8a973be665923e9708974e72228f9805,0d123be07e2dfd2b2ade49ad2a905a5b,2751c7fd7f09479fa2b15168695adebc,15dd3ef7df34f9b464e9b38c2deb0793,0fbf893691a376b168d8cdf427b89945,4f963d716a60737e5b59299f00daf285,931d4f01b5a88027ef86437f1b862000,35493772986f610753be29121cd68234,eaec88a63db9cf9cee53471263afe6fb,cb0c5d3639fcd810cde94b7b990aa51c,e432956d19714c65723f9c407ffea0c5,5fade7137c14a94b323f3b7886fba2a9,4ecfb46fcdce95623f994bd29bbe59cb,94d45bb36b13f4e936badb382fc133fe,dbde0572d702d0a05c0d509d5624a4d7,e0528f756bbb2ab83c60f9fd6f541e42,d76b56b79b1c95e8dcd7ee88cb0d25ab,a71020c6d6d42c5000e9993425247e06,7c983b4e66c4697ad3ce7efc9166b505,2c47725db0c5eb5c2ecc32ff208bceb6,44499d3cab387aa78a4a6eca2ac181fb,637f2708da54e792c27f1141d5bb09cd,3f29f651a3c4ff5ce16d61deccf46618,639252292bb40b3f10f8a6842aee3cd4,fc90bcc43daa48882be359a17b71abf7,b3f132ce34207b7be899f4978276b66d,ce952204558ea66ec1a9632dcbdde8bd,bdfe1f0346c066971e1f3d96f7fdaa2c,0e2fc7e7f85c980eb698b9e468c20366,88aada8325a3659736b3a7201c825664,6e1faeee0ebfcb384208772410fe1e86,65ad6a7c43f8d566afd5676f9447b6c1,7671bbf15b7a8c8f59a0c42a1765136a,aa2ef08d48b66bd814280976614468a7,2399e6f7f868d05623be03a616b4811e,88d2143ae62878dada3aa0a6d8f7cea8,0ac31915ec9a6b7d4d4bba8fe6d60ff7"
"5d3f0b7d-7413-48e6-8d9c-7fc0bb5a66ee","c60fcff9c8e5243bbb22ec94618b9dcb02c59bb49b90c04d7d6ab3ebbd58dc3a"
"35a9afeb-18f1-4c02-a3aa-830e300138ae","a5ce055e8970dc56498e3525d61e4982"
"d9e9fab2-6b64-4c14-b1ec-7af1923c0773","833becd0e4abc9cfff8c835694694f80"
"57fc510a-e649-4599-b83e-8f3605e3d1d9","a179c4093d05a3e1ee73f6ff07f994aa"
"080ff223-f8e0-49c0-a7b5-e97349cf81a0","a641e3dccba765a10718c9cb0da7879e"
"0e3b0052-18c7-4c8b-a064-a1332df07af2","54313eadbe10511393d42b902436a30d,b224ef59e8f31d8f397000fe6548b0c7"
"722772ee-a461-48ec-933d-f3df1578963e","f7393fb917aed182e4cbef25ce8af950"
"214654eb-90c4-48c8-a183-0157e50bf07f","88a6d84f4f1cc188741271ac1999a4e9,564d84a799db39b381a582a0b2f738c4,55a7c51dc2aa959c41e391db8f6b8b4f,de711decdd763a73098372f752bf5a1c,61b068b10abfa0776f3b96a208d75bf9"
"66be9e0a-9246-4404-b5b5-7fbde351668f","3c4154866f3d483fdc9f4f64ef868888"
"0d0d204b-f6ce-4ce4-8d76-1724a1676c3f","49ed27460730b62403c1d2e4930573121ab0c86c442854bc0a62415ca445a810"
"275c80c5-a67c-4536-b29e-4e481242cb01","3ecd3ca61ffc54b0d93f8b19161b83da,925ee3f3227c3b63e141ba16bd83f024,483abeee17e4e30a760ec8c0d6d31d6d,c508d28487121828c3a1c2b57acb05be,08c1bce6627764c9f8c79439555c5636,2d91d45cd09dfc3f8e89da1c261fd1ac,bcd60bf152fdec05cd40562b466be252,69ac6165912cb263a656497cc70155e6,4eb4069c230a5dc40cd5d60d2cb3e0d0,680dcb5c39c1ec40ac3897bb3e9f27b9,f8fe655b7d63dbdc53b0983a0d143028,880611326b768c4922e9da8a8effc582,515c75d77c64909690c18c08ef3fc310,6fa271b6816affaef640808fc51ac8af,d63c9c1a427a134461258b7b8742858f,3a7c69293fcd5688cc398691093ec06a,d5e76d125d624f8025d534f49e3c4162,ecdc79141b7002b246770d01606504f2,3aacaa62758fa6d178043d78ba89bebc,4e4b9bdcc6b8d97828ae1972d750a08d,821adf5ba68fd8cc7f4f1bc915fe47de,0d5774527af6e30905317839686b449d,18439fe2aaeddfd355ef88091cb6c15f,4b60ef388071e0baf299496e3d6590ae,aa9adcf64008e13d7e68b56fdd307ead,6a094d8e4b00dd1d93eb494099e98478,0fc2653b1c45f08ca0abd1eb7772e3c0,d424f369f7e010249619f0ecbe5f3805,9d884ecd3b6c3f2509851ea15ffefbef,5b1e1a9dade81f1e80fdc0a2d3f9006e,24061b0958874c1cb2a5a8e9d25482d4,70196d88c03f2ea557281b24dad85de5,d78a29306f42d42cd48ad6bc6c6a7602"
"351ff5ca-f07b-4eb6-9300-d5d31514defb","4a23e0f2c6f926a41b28d574cbc6ac30,ba2c0fa201c74621cddd8638497b3c70,4c76554d9a72653c6156ca0024d21a8e,5f4a232d92480a1bebbe025ef64dc760,f56f30ac68c35dd4680054cdfd8f3f00,a1547e8b2ca0516d0d9191a55b8536c0,bd5d4d07ae09e9f418d6b4ac6d9f2ed5,4a23e0f2c6f926a41b28d574cbc6ac30,ba2c0fa201c74621cddd8638497b3c70,4c76554d9a72653c6156ca0024d21a8e,5f4a232d92480a1bebbe025ef64dc760,f56f30ac68c35dd4680054cdfd8f3f00,a1547e8b2ca0516d0d9191a55b8536c0,bd5d4d07ae09e9f418d6b4ac6d9f2ed5,1cb26adeca26aefb5a61065e990402da,750d1f07ea9d10b38a33636036c30cca,270052c61f4de95ebfbf3a49fb39235f,ce65b7adcf954eb36df62ea3d4a628c7,8291dcbcbccc2ce28195d04ac616a1b5,c8f88ca47b393da6acf87fa190e81333,ba21bfa3d05661ba216873a9ef66a6e2,936729b8dc2282037bc1504c2680e3ad,dd38cc344d2a0da1c03e92eb4b89a193,5c4df33951d20253a98aa7b5e78e571a,2348508499406dec3b508f349949cb51,353e5d424668d785f13c904fde3bac84,81df475ab8d37343f0ad2a55b1397a8f,eb61616a7bc58e3f5b8cf855d04808c3,5bb840db439eb281927588dbce5f5418,ddf2655068467d981242ea96e3b88614,d1440503d1528c55fdc569678a663667,71858fa117e6f3309606d5cdb57e6e09,71fffc05cff351a6f26f78441cfebe26"
"7b893f79-b5b0-4373-9d29-c53a21fe6fc3","a216803d691d92acc44ac77d981aa767,bf2a954160cb155df0df433929e9102b,bc6ff00fb3a14437c94b37ac9a2101d4"
"3ab0d182-6365-47a7-89f4-34121e889503","37086ae5244442ba552803984a11d6cb"
"b9e01a11-6395-4837-a202-0c777d717a43","52cb7756bb236b966f75089edb309920"
"b7ec29c6-e151-4a9f-a293-e61f04ee6489","d25904fbf907e19f366d54962ff543d9f53b8fdfd2416c8b9796b6a8dd430e26"
"a8f2da2a-369c-4b4d-9a00-d7a892b9f7c3","eff3a9cc3e99ef3ddae57df72807f0c7"
"d9e00cc7-a8f4-4390-a6dc-0f5423e97da4","507a649eb585d8d0447eab0532ef0c73"
"56cdac8e-d87d-49c8-b281-6e096c2390d1","1a22a85489a94db6ff68cd624ef43bad,acd221ff7cf10b6117fd609929cde395"
"f4c22f4d-eff8-40c5-8b31-146abe5f17b7","589a7d4df869395601ba7538a65afae8c4616385,17614fdee3b89272e99758983b99111cbb1b312c"
"a3c52cbe-90ca-432c-9520-761b60e7d9cb","2faa725dd9bb22b2100e3010f8a72182,03c9d5f24fd65ad57de2d8a2c7960a70,43ed1d08c19626688db34f63e55114fb,1a6e12c2d11e208bdf72a8962120fae7,21ca6a013a75fcf6f930d4b08803973a,f160ecce1500a5a5877c123584e86b17,b934322c68c30dceca96c0274a51f7b0,fe3fb6719e86481a3514ab9e00a55bcf,0ad87bba19f0b71ccb2d32239abd49ec,5bd30b502168013c9ea03a5c2f1c9776,c5b8e612360277ac70aa328432a99fd6,cd1c8a66e885b7a8b464094395566a46,5f44a01ccc530b34051b9d0ccb5bb842"
"56b320b3-5b12-4ec6-81e2-5a16c56c7478","c4bacbaea0b1ae94c6c9583ba27b2fbe"
"8d14d798-338f-471e-bacb-6d9371c0f529","485c0b9710a196c7177b99ee95e5ddb35b26ddd1,50e2bc41f0186fdce970b80e2a2cb296353af586,e3c1dd569aa4758552566b0213ee4d1fe6382c4b,e09b5e80805b8fe853ea27d8773e31bff262e3f7"
"9b65dba4-81a0-48cc-8ff0-a4f353881062","11fb599312cb1cf43ca5e879ed6fb71e"
"d158321b-4d56-49c5-9a18-bcff9f4a2ebe","338a98e1c27bc76f09331fcd7ae413a5"
"b1dd91b1-9ba3-4d68-a2d1-919039e18430","c24800c382b38707e556af957e9e94fd"
"58509acb-50b4-41a0-9de3-76c571a459e3","9c00a44418a8e719c0034f0d55802693"
"a5792a63-ba77-44ac-bd4a-134b24b01033","64f9e664bc6d4b8f5f68616dd50ae819c3e60452efd5e589d6604b9356841b57"
"30e8d598-2c60-49e4-953b-a6f620da1371","2f4b5a0d98bc4e5616f2dd04337ae674"
"7c83cb1a-a5ab-4ea0-aa69-0e9a1d09a82f","8b287636041792f640f92e77e560725e"
"9d4358c3-5d6e-48a0-971e-e2ad7724c106","09a85a7798059699231c111176a56a16"
"45f2c348-bf17-40ab-8306-ef14231cc996","f1c8c3926d0370459a1b7f0cf3d17b22ff9d0c7f"
"ad693146-4adf-4407-bb20-f2505e34c226","3a95cc82173032b82a0ffc7d2e438df64c13bc16b4574214c9fe3be37250925e"
"64f3d4b0-6d2b-4275-b3d4-15d092af4092","10e15ba8ff8ed926ddd3636cec66a0f08c9860a4,e4436c8c42ba5ffabd58a3b2256f6e86ccc907ab,0d8a832b9383fcdc23e83487b188ddd30963ca82"
"adfb015a-f453-4b9e-a247-50f146209eb0","708016fbe22c813a251098f8f992b177b476bd1bbc48c2ed4a122ff74910a965"
"ca6455d1-b06e-496c-be33-f89c41b27540","84414d0f2ab10d509580dd84d24e6708"
"ddbd60c3-0611-4a59-894d-aec84203906f","4b8c0445075f09aeef542ab1c86e5de6b06e91a3"
"30d6c39c-1d93-4101-8dd3-322ff0ab7fb3","f8886a9c759e0426e08d55e410b02c5b05af3c287b15970175e4874316ffaf13,760be95d4c04b10df89a78414facf91c0961020e80561eee6e2cb94b43b76510"
"354a9fcf-acf1-4151-94d2-af88116f605c","a7d827a41b2c4b7638495cd1d77926f1ba902978,877c6c36a155109888fe1f9797b93cb30b4957ef"
"f93e88c2-d0e8-4347-869f-efa568955e9d","fafa1bb36f0ac34b762a10e9f327dcab2152a6d0b16a19697362d49a31e7f566,de6bf572d39e2611773e7a01f0388f84fb25da6cba2f1f8b9b36ffba467de6fa"
"d9f2c3d6-160c-4eb3-8547-894fcf810342","4f191abc652d8f7442ca2636725e1ed6"
"1d2cdef1-de44-4849-80e5-e2fa288df681","69ba501a268f09f694ff0e8e208aa20e,1898ceda3247213c084f43637ef163b3"
"8d97bb7f-e009-4dc7-ab9d-fde293e679dc","9ba7c30177d2897bb3f7b3dc2f95ae0a,f8dce1eb0f9fcaf07f68fe290aa629e4,6d4159694e1754f262e326b52a3b305a,1392b92179b07b672720763d9b1028a5"
"5901421f-7929-487d-87bd-632f29290352","4353b713487a2945b823423bbbf709bd"
"d2806397-9ceb-47c8-b5f3-3aabec182ff5","d9ce18960c23f38706ae9c6584d9ac90,6e2178dc5f9e37e6b4b6cbdaef1b12b1"
"d0048840-970f-4ad5-9a07-1d39469d721f","4c016fd76ed5c05e84ca8cab77993961"
"d05a0a6c-c037-4647-99ac-c41593190223","cb57f3a7fe9e1f8e63332c563b0a319b26c944be839eabc03e9a3277756ba612"
"2c3884d3-9e4f-4519-b18b-0969612621bc","2d7f1c02b94d6f0f3e10107e5ea8e141,b94ffce20e36b2930eb3ac72f72c00d6"
"a338a9fc-9fe3-400c-9fe4-69bb7892602d","a17c58c0582ee560c72f60764ed63224"
"5f70bde4-9f81-44a8-9d3e-c6c7cf65bfae","9a9dbf5107848c254381be67a4c1b1dd"
"942f58d2-1300-4957-98a0-5f8d601bf55b","29b1ddc69e89b160cc3722e5e0738fd8"
"69b924ab-2e4a-4eae-8091-4151c238136e","a3e507e713f11901017fc328186ae98e23de7cea5594687480229f77d45848d8"
"90ecbbf7-b02f-424d-8b7d-56cc9e3b5873","66066d9852bc65988fb4777f0ff3fbb4,86fd54c56dcafe2de918c36f8dfda67e"
"058fb356-e0ff-4f5e-8293-319feb005db2","0f780b7ada5dd8464d9f2cc537d973f5ac804e9c,ea360a9f23bb7cf67f08b88e6a185a699f0c5410"
"36227ce7-2bf6-4963-bfae-c399000a1079","a15235fcec1c9b65d736661d4bec0d38,1873a2ce2df273d409c47094bc269285,112b4a6d8c205c1287c66ad0009c3226,35fbc4c04c31c1a40e666be6529c6321,6c5e50ef2069896f408cdaaddd307893,4b42a7a6327827a8dbdecf367832c0cd,ff795e4f387c3e22291083b7d6b92ffb"
"c3cca618-5a7f-4a51-8785-cb328fbfb0df","43830326cd5fae66f5508e27cbec39a0"
"a261cd64-0d04-4bf5-ad73-f3bb96bf83cf","c2c1b8c00b99e913d992a870ed478a24"
"9974b134-7fee-4c7a-9b0d-38b3b2d7e957","988d7cdc386b2731acc86bbc883e5f31"
"855ade1f-8a9e-4c9d-ab8e-d7e409609852","ae5eb2759305402821aeddc52ba9a6d6,702d5606cf2199e0edea6f0e0d27cd10,945ef111161bae49075107e5bc11a23f,24fe18891c173a7c76426d08d2b0630e,aaa8999a169e39fb8b48ae49cd6ac30a,d21fba3d09e5b060bd08796916166218,b5326548762bfaae7a42d5b0898dfeac,e9ccb6bac8715918a2ac35d8f0b4e1e6,28cb0b64134ad62c2acf77db8501a619,f141db170bb4c6e088f30ddc58404ad3,0634299fc837b47b531e4762d946b2ae,178cc9403816c082d22a1d47fa1f9c85,05b4463677e2566414ad53434ad9e7e5,15814b675e9d08953f2c64e4e5ccb4f4,94c80490b02cc655d2d80597c3aef08f,238769fd8379ec476c1114bd2bd28ca6,ea2ff60fcce3b9ffe0bd77658b88512d,e4788e5b3e5f0a0bbb318a9c426c2812,4f5ca81806098204c4dea0927a8fec66,5c5e3c7ca39d9472099ea81c329b7d75,7db75077d53a63531ef2742d98ca6acc,520c18f50d3cb2ce162767c4c1998b86,084a13f18856d610d44d3109a9d2acde,37c3a9fef349d13685ec9c2acaaeafce,239224202ccdea1f09813a70be8413ee,384370c812acb7181f972d57dc77c324,c9c7113f5e15f70fcc576e835c859d56,389823db299b350f2ee830d47376eeac,07fc1e043654fdde56da98d93523635c,d1f9ffe5569642c8f8c10ed7ee5d9391,3836e2db9034543f63943cdbb52a691a,978cd6d9666627842340ef774fd9e2ac"
"99668140-a8f6-48f8-86d1-cf3bf693600c","9d58f640c7295952b71bdcb456cae37213baccdcd3032c1e3aeb54e79081f395,4a9093e8dbcb867e1b97a0a67ce99a8511900658f5201c34ffb8035881f2dbbe,c7079033659ac9459b3b7ab2510805832db2e2a70fe9beb1a6e13c1f51890d88,082d4d4d4ba1bda5e1599bd24e930ae9f000e7d12b00f7021cca90a4600ea470"
"8d3f27bd-c3fd-48d0-913a-e2caa6fbd025","7aa34cd9ea5649c24a814e292b270b6f,ffd0c87d9bf894af26823fbde94c71b6,96a8b535b5e14b582ca5679a3e2a5946,664ad9cf500916c94fc2c0020660ac4e,70dcd07d38017b43f710061f37cb4a91,daf800da15b33bf1a84ee7afc59f0656,b5ada7fd226d20ec6634fc24768f9e22,b8b6686324f7aa77f570bc019ec214e6,f23b2adcfab58e33872e5c2d0041ad88,dd050e79c515e4a6d1ae36cac5545025,96e10a2904fff9491762a4fb549ad580,4e67277648c63b79563360dac22b5492,7dd538bcaa98d6c063ead8606066333f,34edf3464c3f5605c1ca3a071f12e28c"
"837ad058-65f4-4b75-8f21-b842e48db8a5","b2600502a5b962b8cdfac2ead24b17b4"
"0258df5c-c3c1-4ed5-ba8f-846d91526ffe","9b91a44a488e4d539f2e55476b216024"
"de365e80-45cb-48fb-af6e-0a96a5ad7777","3f8cdaf7413000d34d6a1a1d5341a11b"
"ecabc507-2cc7-4011-89ab-7d9d659e6f88","77fee376657e3178546185d135656268"
"43d0af25-c066-471f-bb73-6ce25dc7e0eb","98763a3dee3cf03de334f00f95fc071a"
"0f21a584-6ace-4242-82cb-9766cea6973a","c7a57cd4bea07dadba2e2fb914379910,6909b5e86e00b4033fedfca1775b0e33,fa173832dca1b1faeba095e5c82a1559,bbe4f5f8b0c0f32f384a83ae31f49a00,c5f5d109f11aadebae94c77b27cb026f,40bc58b7615d00eb55ad9ba700c340c1,839cbbc86453960e9eb6db814b776a40,42f7cc4be348c3efd98b0f1233cf2d69,2128e6c044ee86f822d952a261af0b48,fd81af62964f5dd5eb4a828543a33dcf,010c0e5ac584e3ab97a2daf84cf436f5,ff7b31fa6e9ab923bce8af31d1be5bb2,7bd840ff7f15df79a9a71fec7db1243e,fa222bed731713904320723b9c085b11,f778489c7105a63e9e789a02412aaa5f,ed07f1a8038596574184e09211dfc30f,14eead4d42728e9340ec8399a225c124,825703c494e0d270f797f1ecf070f698,9007c94c9d91ccff8d7f5d4cdddcc403,9b359b722ac80c4e0a5235264e1e0156"
"0baa833c-e4e1-449e-86ee-cafeb11f5fd5","d04f5388e962cd21462bcc54180e84e0,ff7cc8b6553ab57c53d5bc8afcf50f67"
"6a7d882b-3d9d-4334-be5f-2e29c6bf9ff8","72b99147839bcfb062d29014ec09fe20a8f261748b5925b00171ef3cb849a4c1,97030f3c81906334429afebbf365a89b66804ed890cd74038815ca18823d626c,0b8887921e4a22e24fd058ba5ac40061b4bb569ac7207b9548168af9d6995e7c"
"8ecc8439-0554-40d0-9130-c02941deadbe","41ce6b172542a9a227e34a45881e1d2a,782f165b1d2db23f78e82fee0127cc14,4ca0dba9e224473d664c25e411f5a3bd,49832b4f726cdff825257bee33ad8451,ab81264493c218a0e875a0d50104ac9f,bc71da7c055e3172226090ba5d8e2248,843e39865b29bb3df825bd273f195a98,3c9f9c1b802f66cf03cbe82dec2bd454"
"f1dcb0e4-aa53-4e62-ab09-fb7b4a356916","e74b6dda8bc53bc687fc21218bd34062a78d8467,2c27abbbbcf10dfb75ad79557e30ace5ed314df8,108439a4c4508e8dca659905128a4633d8851fd9,655a9487d7a935322e19bb92d2465849055d029d,1c3f2579310ddd7ae09ce9ca1cc537a771b83c9f,0cca79962d9af574169f5dec12b1f4ca8e5e1868,8788f4b39cbf037270904bdb8118c8b037ee6562"
"920e3326-e5dc-446a-9993-6ec05266e0e0","d569d4bab86e70efbcdfdac9d822139d6f477b7c,80fa962bdfb76dfcb9e5d13efc38bb3d392f2e77,5a7dd0da0aee0bdedc14c1b7831b9ce9178a0346,1acc7a486b52c5ee6619dbdc3b4210b5f48b936f,55ab7e27412eca433d76513edc7e6e03bcdd7eda,1e7c241b9a9ea79061b50fb19b3d141dee175c27"
"5c45ae9e-cb6f-4eab-a070-b0187202e080","32365e3e64d28cc94756ac9a09b67f06"
"45c42e32-6261-43c1-bdbd-cab58da729d8","1838e8ea8b471a6fc54a06e8a796b118"
"10b1fc3d-c444-4885-8ca9-4b5891885507","27d21eeff199ed555a29ca0ea4453cfb,26d973d6d9a0d133dfda7d8c1adc04b7,26d973d6d9a0d133dfda7d8c1adc04b7"
"32155681-33e8-4d0d-b9f6-c822851e7321","807a860e330865e932e17b8a699ff5ea"
"e4609b54-cb25-4433-a75a-7a17f43cec00","dbc415304403be25ac83047c170b0ec2"
"ee2d68aa-1a65-4967-8627-73590b041538","79ab228766c76cfdf42a64722821711e,e913a51f66e380837ffe8da6707d4cc4,8ac6d458abbe4f5280996eb90235377c,592756f68ab8ae590662b0c4212a3bb9,0a653d9d0594b152ca835d0b2593269f,e140cb81bd27434fc4fd9080b7551922,10e681ce84afdd642e59ddfdb28284e9,aa5dd4beca6f67733e04d9d050ecd523"
"1c7631f0-f92f-4be5-8ba7-3eefb0601d45","748cf64b95ca83abc35762ad2c25458f"
"fe2f68e1-e459-4802-9a9a-23bb3c2fd331","3ae11bde32cdbd8637124ada866a5a7e,1c9001dcd34b4db414f0c54242fedf49,23b807c09b9b6ea85ed5c508aab200b7,2c1045bb133b7c9f5115e7f2b20c267a,20125794b807116617d43f02b616e092,81b72492d45982cd7a4a138676329fd6,2a5ccd95292f03f0dd4899d18b55b428"
"5969b6dc-b136-480e-a527-3cb2ea2f0da9","3247014ba35d406475311a2eab0c4657,45c2d133d41d2732f3653ed615a745c8,3cf7a55ec897cc938aebb8161cb8e74f,376b1e8957227a3639ec1482900d9b97"
"cfd36b2e-cf96-498e-aeb6-ee20e7b33bbb","49938383844ceec33dba794fb751c9a5"
"57f63efb-dc43-4dba-9413-173e3e4be750","56a515173b211832e20fbc64e5a0447c"
"b03798af-d25a-400b-9236-4643a802846f","f853abe0dc162601e66e4a346faed854,4ad30223df1361726ff64417f8515272,969f1d19449dc5c2535dd5786093f651,c2585e2696e21e25c05122e37e75a947,7437d4070b5c018e05354c179f1d5e2a,903c149851e9929ec45daefc544fcd99,60e84516c6ec6dfdae7b422d1f7cab06"
"2ada18ae-2c52-49b6-b1a0-cf3b267f6dc7","9f70cd5edcc4efc48ae21e04fb03be9d"
"2b918b1a-badb-4a85-9214-961607b21219","affe4764d880e78b2afb2643b15b8d41,a664904f69756834049e9e272abb6fea,a125390293d50091b643cfa096c2148c,0c55128c301921ce71991a6d546756ad"
"97ed6c7b-be4c-4f60-9157-c788a555ca9f","1f8a9619ab644728ce4cf86f3ad879ea"
"baa168cd-eba2-42e4-95e9-47cb4b2f9094","a55bcd596643362ddb2ee558aa238baf"
"579a0516-1177-45ce-ad9e-45f53b28dcdc","84df20b1d9d87e305c92e5ffae21b10b325609d59d835a954dbd8750ef5dabf4"
"4b047bb8-c605-4664-baed-25bb70e864a1","d5562fb90b0b3deb633ab335bcbd82ce10953466a428b3f27cb5b226b453eaf3"
"8a1a4a5d-3e41-4539-80cd-0cb751f7fab3","10dd681f56cfbb329c7f470ebb9f4b31"
"a0fbd397-64d5-4af2-844b-b096e08a1866","7a6a6d6921cd1a4e1d61f9672a4560d6,cfad9185ffcf5850b5810c28b24d5fc8,0809f48fd30845d983d569b847fa83cf,6ae9d25e02b54367a4e93c2492b8b02e,34a7fab63a4ed5a0b61eb204828e08e5"
"ff77b58d-e143-4f61-92de-c0d9bc0af7d5","e8f177545acc656c837b74102cd76527"
"9074a02a-b1ca-4bfb-8918-5b88e91c04a2","3473faea65fba5d4fbe54c0898a3c044,2927eac51c46944ab69ba81462fb9045,aad4fb47cb39a9ab4159662a29e1ee88,7f258c0161e9edca8e7f85ac0dd68e46,a7d3ebfb3843ee28d9ca18b496bd0eb2,7e3a6f880486a4782b896e6dbd9cc26f"
"babe348d-f160-41ec-9db9-2413b989c1f0","0f651c53a63cef2d96be95c1638fa5bc,7ed45f56d809eed09a805402a7b92a49"
"bf01915d-045f-442c-a74e-25c56182123f","fac8eb49e2fd541b81fcbdeb98a199cb"
"32ccd436-eb13-4ab3-83d4-3e5471f4e364","7c72a7e1d42b0790773efd8700e24952"
"7edb5602-239f-460a-89d6-363ff1059765","779af226b7b72ff9d78ce1f03d4a3389,25ebe6f757129adbe78ec312a5f1800b,650f6531db6fb0ed25d7fc70be35a4da,3467b0d996251dc56a72fc51a536dd6b,688a10e87af9bcf0e40277d927923a00,3d5164e85d740bce0391e2b81d49d308,3ad7b36a584504b3c70b5f552ba33015,08e06b839499cb4b752347399db41b57"
"75a933b4-82d8-4eb8-8ed5-a0a2178630a3","8cc8974a05e81678e3d28acfe434e7804abd019c,282bb241bda5c4c1b8eb9bf56d018896649ca0e1"
"4f0a65a7-9a01-40cb-8d95-0844515103e6","1da1cfe6aa15325c9ecf8f8c9b2cd12d,09b3d078ffa3b4ed0ad2e477a2ee341f"
"fded7e63-0470-40fe-97ed-aa83fd027bad","057ec65bac5e786affeb97c0a0d1db15,0b0447072ada1636a14087574a512c82,f0db5af13c457a299a64cf524c64b042,19c0c18384d6a6d65462be891692df9c"
"93c84c08-4683-493d-abf7-22dc2d1cb567","0d6fef14f8e1ce5753424bd22c46b1ce"
"2651f5c4-d9e1-4b06-92be-e9e7313f87c4","bedc99bbcedaf89e2ee1aa574c5a2fa4,2ca1044a04cb2f0ce5bd0a5832981e04,40f39a98fb513411dacdfc5b2d972206,19f32bf24b725f103f49dc3fa2f4f0bd,bfe96411cf67edb3cee2b9894b910cd5,ea14899d1bfba397bc731770765768d1,09672532194b4bff5e0f7a7d782c7bf2,ba23266992ad964eff6d358d946b76bd,f4e1997192d5a95a38965c9e15c687fc,07efb8259b42975d502a058db8a3fd21,1414629b1ee93d2652ff49b2eb829940,67e03f83c503c3f11843942df32efe5a,85b756463ab0c000f816260d49923cde,598f8fb2317350e5f90b7bd16baf5738,2b4e66fac6503494a2c6f32bb6ab3826,79329e2917623181888605bc5b302711,1ce19950e23c975f677b80ff59d04fae,370a4ca29a7cf1d6bc0744afc12b236c,68726474c69b738eac3a62e06b33addc,d5556c54c474cf0bff25804bfbe788d3,1dc94a6a82697c62a04e461d7a94d0b0,798de15f187c1f013095bbbeb6fb6197,1392b92179b07b672720763d9b1028a5,fef9dd9ea587f8886ade43c1befbdafe,517d484bdbad4637188ec7a908335b86,b2e4e588ce7b993cc31c18a0721d904d,9d8cb58b9a9e177ddd599791a58a654d,663f2fb92608073824ee3106886120f3,a82c01606dc27d05d9d3bfb6bb807e32,94cdf2cf363be5a8749670bea4db65cd,272446de15c63095940a3dad0b426f21,f701ddcc7c51919413ddadd351ad2fef,8065a7659562005127673ac52898675f"
"2a7a59c1-35b8-42b6-a560-2fbf4247a584","bdd8dc8880dfbc19d729ca51071de288"
"5a03dc5a-115d-4d6f-b5b5-685f4c014a69","12583af6cbe0050651eaf2723b3ad7b3,7455ed832a33fef453407f5411c3342d,0ffe35f0b0cd5a324bbe22f02569ae3b"
"4dd3289c-522c-4fce-b48e-5370efc90fa1","c796a92a66ec725b7b7febbdc13dc69b,f7d963c14a691a022301afa31de9ecef,73a40e29f61e5d142c8f42b28a351190,69ba501a268f09f694ff0e8e208aa20e,de4001f89ed139d1ed6ae5586d48997a,5adebdb94abb4c76dad2b7ecb1384a9d,b32497762d916dba6c827e31205b67dd,ca6931fcbc1492d7283aa9dc0149032e,349fa788a4a7b57e37e426aca9b736d5,1c61eb82f1269d8d6be8de2411133811,31a4631d77b2357ac9618e2a60021f11,7c22b7686c75a2bb7409b3c392cc791a,477e02a8e31cde2e76a8fb020df095c2,ce67e51b8c0370d1bfe421b79fa8b656,2cc65e805757cfc4f87889cdceb546cd,e1ebc6c5257a277115a7e61ee3e5e42f,edbf206c27c3aa7d1890899dffcc03ec,d0a5f9ace1f0c459cef714156db1de02,cebf532d1e3c109418687cb9207516ad"
"9c4e45c8-8f99-40b4-bb73-2e1cfa813034","13ab592c51354e97611b4a77859f3ce7"
"1a1cf88a-96d0-46cd-a24d-1535e4a5f6e3","c49a1956a6a25ffc25ad97d6762b0989"
"2cc3dd4f-8a1e-4f1f-9871-0a14815949b4","bc2f3850c7b858340d7ed27b90e63b036881fd6c"
"a845a05c-5357-4b78-9783-16b4d34b2cb0","a5f637d61719d37a5b4868c385e363c0"
"a02ee964-a21e-4b08-9c98-a730c90bfd53","d4f7c14e92b36c341c41ae93159407dd,d4f7c14e92b36c341c41ae93159407dd"
"7bb4d807-9a66-48ff-9fb7-82780f3b015e","048549f7e9978aff602a24dea98ee48a,30550db8f400b1e11593dffd644abb67,f80ceb0dbb889663f0bee058b109ce0e,d4a9f80ecb448da510e5bf82c4a699ee,f36b8094c2fbf57f99870bfaeeacb25c,2580fb4131353ec417b0df59811f705c"
"1055625b-3480-48b3-9556-8628a745d8f0","8af7fc0eb2e945c1be06238bde456091"
"19897aed-9be8-4111-a7d8-35618b9d75b3","f406c5536bcf9bacbeb7ce8a3c383bfa"
"9c4e2e75-a8be-4d2f-b016-e2a98281c8ec","8af49cbb873437aeacfbdbcf884f8ebe"
"29cb263b-b0b0-40d5-a97d-5ddf4ba79c1e","312e31851e0fc2072dbf9a128557d6ef"
"c98af16e-197f-4e66-bf94-14646bde32dd","2b3e0db4f00d4b3d0b4d178234b02e72"
"c44e6197-efab-49d2-8a5f-04ae4a0f0ea0","7da16447a3d200c8c3ed056828a62e1e"
"f22e7230-5f32-4c4e-bc9d-9076ebf10baa","298f30c20c6b2b5b56f9946fb4e6f85a,9b25ccf5765034119a61c9beb2ad1369"
"4a80da66-f8f1-4af9-ba56-696cfe6c1e10","8abbb12e61045984eda19e2dc77b235e,c9a293762319d73c8ee84bcaaf81b7b3,120b5bbb9d2eb35ff4f62d79507ea63a"
"fa612342-5ae0-4e69-ad9c-14d574d9fb1e","fe937e1ed4c8f1d4eac12b065093ae63,0215d0681979987fe908fb19dab83399,16a8e8437b94d6207af2f25fd4801b6d,c04a5cdcb446dc708d9302be4e91e46d,2d64d681d79e0d26650928259530c075,8a70921638ff82bb924456deadcd20e6,c37b575c3a96b9788c26cefcf43f3542,f4a31e08f89e5f002ef3cf7b1224af5f,51c233297c3aa16c4222e35ded1139b6,1a5a95d6bedbe29e5acf5eb6a727c634,637cf50b06bc53deae846b252d56bbdc"
"d819bee2-3bff-481f-a301-acc3d1f5fe58","0a6a1c9a7f80a2a5dcced5c4c0473765"
"94eb0694-29ba-4f8e-b763-86c6371db6cc","97221e16e7a99a00592ca278c49ffbfc,11fb599312cb1cf43ca5e879ed6fb71e"
"4f47c65e-2e73-4855-813a-5a823ae845a8","97e90c869b5b0f493b833710931c39ed,f766a9bb7cd46ba8c871484058f908f0"
"6fc3034f-8b40-44ef-807a-f61d3ea2dece","f2f728d2f69765f5dfda913d407783d2"
"f4990bdd-8821-4a3c-a11a-4651e645810c","a01c412699b6f21645b2885c2bae4454"
"04d377f9-36e0-42a4-8d47-62232163dc68","0898af0888d8f7a9544ef56e5e16354e,f1e054333cc40f79cfa78e5fbf3b54c2"
"f33c2e80-7b01-416b-821a-ed06db4b6511","d95c9a241e52b4f967fa4cdb7b99fc80"
"bd6490c2-20ea-441e-803c-bc3b957dae4c","1c9c646cf39c9e3ecd0e061bf5f21551"
"61514cbd-6f34-4a3e-a022-9ecbccc16feb","62f02339fe267dc7438f603bfb5431a1,a0074303fe697a36d9397c0122e04973,7461f0f9b931044a9d5f1d44eb4e8e09,5e35c049bc8076406910da36edf9212d,ee59b64ae296a87bf7a6aee38ad09617,7962d91b1f53ce55c7338788bd4eb378"
"be3e49ea-095e-4fdb-9529-f4c2dbb9a9fc","e9e786bdba458b8b4f9e93d034f73d00"
"47a351ee-8abe-40d8-bc2b-557390fa0945","b47dee29b5e6e1939567a926c7a3e6a4"
"a66d0413-cc82-4f1e-bcf1-0dcf9d79f6c0","d2588631d8aae2a3e54410eaf54f0679"
"3d7da79b-fe34-45cd-a0c9-d4432d40611c","6cc3c3be2de12310a35a6ab2aed141d6,06ffbb2cbf5ac9ef95773b4f5c4c896a,9ce1b0e5cfa8223cec3be1c7616e9f63,d1e57c74bafa56e8e2641290d153f4d2,efb4ed2040b9b3d408aab8dc15df5a06,1033f0849180aac4b101a914bc8c53b4,2e492f14a1087374368562d01cd609aa,0291ced808eafe406d3d9b56d2fc0c26,8c1d181480796d7d3366a9381fd7782d,de331f863627dc489f547725d7292bbd,8cc5a4045a80a822cbc1e9eadff8e533,eda6e97b453388bb51ce84b8a11d9d13,34e55ccceec34a8567c8b95d662ba886,9dd414590e695ea208139c23db8a5aa3,d396332f9d7b71c10b3b83da030690f0,b5192270857c1f17f7290acbaadf097d,e84605c8e290de6b92ce81d2f6a175d2,cceb3a7e3bd0203c807168b393a65a74,241a095631570a9cef4f126c87605c60,61d6b1c71ad94f8485e966bebc36d092,2eec12c17d6b8deeeac485f47131d150,edfa69e9132a56778d6363cd41843893,7f9128654c3def08c28e0e13efff0fee,546db985012d988e4482acfae4a935a8,96c5900331bd17344f338d006888bae5"
"0f8e317e-ad2b-4b02-9f96-603bb8d28604","c0e2a64ba0d23ab95258372457060143"
"b72f7335-6f27-42c5-85f5-ed7eb9016eac","75d6c3469347de1cdfa3b1b9f1544208"
"eb07ef7e-0402-48eb-8e06-8fb76eda5b84","1d768959aaa194d60e4524ce47708377"
"f3215c19-8053-458c-81a5-90a74c5d2e6d","e076dadf37dd43a6b36aeed957abee9e,aa1ed3917928f04d97d8a217fe9b5cb1,dd39a86852b498b891672ffbcd071c03,708ac9f7b12b6ca4553fd8d0c7299296,7a16fca3d56c6038c692ec75b2bfee15,5970e8de1b337ca665114511b9d10806,2509a71a02296aa65a3428ddfac22180,296bde4d0ed32c6069eb90c502187d0d,d1bac75205c389d6d5d6418f0457c29b,b2a9ac0600b12ec9819e049d7a6a0b75,79f7e6f98a5d3ab6601622be4471027f,2d465b4487dc81effaa84f122b71c24f,4d17b32be70ef39eae5d5edeb5e89877,c1d3a6bb423739a5e781f7eee04c9cfd,054299e09cea38df2b84e6b29348b418,0ba6afe0ea182236f98365bd977adfdf"
"142453a2-a24d-4b35-8922-6d5939f1c0fc","07f83829e7429e60298440cd1e601a6a,07f83829e7429e60298440cd1e601a6a,7d84a4ed0fcca3d098881a3f3283724b"
"70fa8606-c147-4c40-8b7a-980290075327","f142e613d2ebc11c6bec22baf9392337,667843470a9f0e910c65cb41a749d104"
"7cee2ce8-7881-4a9a-bb18-61587c95f4a2","563b33cfc3c815feff659caaa94edc33,53f103e490bc11624ef6a51a6d3bdc05,d90cdd8f2826e5ea3faf8e258f20dc40,c28b4a60ebd4b8c12861829cc13aa6ff,c52dce2bee8ec88748411e470ff531f6,3e9ee8418f22a8ae0e2bf6ff293988fa,2ab9f5a66d75adb01171bb04ab4380f2,2c957aa79231fad8e221e035db6d0d81"
"79542852-3a0c-43bc-bfa3-3eeb0e1d7fd2","b1b8e6b85dd03c7f1290b1a071fc79c1,02a1d77ef13bd41cad04abcce896d0b9,962a33a191dbe56915fd196e3a868cf0,3e87e3346441539d3a90278a120766df,e3bdb307b32b13b8f7e621e8d5cc8cd3,443689645455987cb347154b391f734d,6beb1d8146f5a4aaa2f7b8c0c9bced30"
"0f59ce3b-20ac-41ba-8010-2abc74827eb8","8ff0f73158ec15de8e548b00608c5822,b0809d8adc254c52f9d06362489ce474,0e14b69dcf67c20343f85f9fdb5b9300,6f5cf7feb9bb8108b68f169b8e625ffe,2da269863ed99be7b6b8ec2adc710648,1b76363059fef4f7da752eb0dfb0c1e1,d74d202646e5a6d0d2c4207e1f949826,6c28461e78f8d908ca9a66bad2e212f7,2b8814cff6351c2b775387770053bdec,95c88d25e211a4d52a82c53e5d93e634,047c06d4d38ea443c9af23a501c4480d,c6cfa2d6e4c443e673c2c12417ea3001,e68972cd9f28f0be0f9df7207aba9d1d,d6c4baecff632d6ad63c45fc39e04b2f,b5f96dd5cc7d14a9860ab99d161bf171,5e71c0814287763d529822d0a022e693,2dbc09c853c4bf2e058d29aaa21fa803,2e3dbb01b282a526bdc3031e0663c41c,1bca427ab8e67a9db833eb8f0ff92196,649ff59b8e571c1fc6535b31662407aa,5158f786afa19945d19bee9179065e4d,13a0d3f9d5f39adaca0a8d3bb327eb31,76355d5eafdfa3e9b7580b9153de1f30,1f263a57c5ef46c8577744ecb32c9548,e0fb44aba5e7798f2dc637c6d1f6ca84,2ff629de3667fcd606a0693951f1c1a9,f3d14fcdb86db8d75416ce173c6061af,7c4e513702a0322b0e3bce29dea9e3e9,65c069af3875494ec686afbb0c3da399,c5e7e8ca0d76a13a568901b6b304c3ba,0d4306983e694c1f34920bae12d887e6,6bada94085b6709694f8327c211d12e1,212bfd1ef00e199a365aeb74a8182609,a89ca92145fc330adced0dd005421183,26ce59f9fc8639fd7fed53ce3b785015,75dbd5db9892d7451d0429bec1aabe1a,fe820a5f99b092c3660762c6fc6c64e0,262969a3fab32b9e17e63e2d17a57744,17719a7f571d4cd08223f0b30f71b8b8,21be10f66bb65c1d406407faa0b9ba95,4885e1bf1971c8fa9e7686fd5199f500,ab4ee84e09b09012ac86d3a875af9d43,743c403d20a89db5ed84c874768b7119,e0bfbdf3793ea2742c03f5a82cb305a5,22ca5fe8fb0e5e22e6fb0848108c03f4,3ab94fba7196e84a97e83b15f7bcb270,e323413de3caec7f7730b43c551f26a0,c9c25778efe890baa4087e32937016a0,2f8653034a35526df88ea0c62b035a42,e747f164fc89566f934f9ec5627cd8c3,c08063f052308b6f5882482615387f30,549e5148be5e7be17f9d416d8a0e333e,d0c2caa17c7b6d2200e1b5aa9d07135e,f310b453ac562f2c53d30aa6e35506bb,aa69b4255e786d968adbd75ba5cf3e93,3411fdf098aa20193eee5ffa36ba43b2,f60a9b88c6ff07d4990d8653d0025683,c046ca4da48db1524ddf3a49a8d02b65,0283b43c6bc965175a1c92b255d39556,4a85754636c694572ca9f440d254f5ce,8741e6df191c805028b92cec44b1ba88,bf581e9eb91bace0b02a2c5a54bf1419,94ccef76fda12ab0b8270f9b2980552b,9b157f1261a8a42e4ef5ec23dd4cda9e,5212e0957468d3f94d90fa7a0f06b58f,56b54823a79a53747cbe11f8c4db7b1e,29872c7376c42e2a64fa838dad98aa11,557fd33ee99db6fe263cfcb82b7866b3,c516acb873c7f8c24a0431df8287756e,641243746597fbd650e5000d95811ea3,a453083b8f4ca7cb60cac327e97edbe2,07493c774aa406478005e8fe52c788b2,e425c66663c96d5a9f030b0ad4d219a8,ccb09eb78e047c931708149992c2e435,43bfc857406191963f4f3d9f1b76a7bf,8f5b84350bfc4fe3a65d921b4bd0e737,ce57844fb185d0cdd9d3ce9e5b6a891d,8ad9dfc971df71cd43788ade6acf8e7d,332db70d2c5c332768ab063ba6ac8433,729dd4df669dc96e74f4180c6ee2a64b,6ae4dec687ac6d1b635a4e351dddf73e,cf7aeedd674417b648fc334d179c94ae,be17a598e0f5314748ade0871ad343e7,2714c93eb240375a2893ed7f8818004f,118f3fdba730094d17aa1b259586aef6,80b4041695810f98e1c71ff0cf420b6d,c2eb4539a4f6ab6edd01bdc191619975,44a3b9cc0a8e89c11544932b295ea113,75fa19142531cbf490770c2988a7db64,a223f8584bcb978c003dd451b1439f8d,e027daa2f81961d09aef88093e107d93,c31610f4c383204a1fc105c54b7403c9,8d14b013fc2b555e404b1c3301150c34,a610cd4c762b5af8575285dafb9baa8f,8ea94766cd7890483449dc193d267993,82854a57630059d1ce2870159dc2f86b,9cc757a18b86408efc1ce3ed20cbcdac,279f3b94c2b9ab5911515bc3e0ecf175,8b47c5580b130dd3f580af09323bc949,d011d5fecdc94754bf02014cb229d6bc"
"a9d9cbb7-b5f6-4e74-97a5-29993263280e","b34361d151c793415ef92ee5d368c053,3b9698a9ee85f0b4edf150deef790ccd,30efb7d485fc9c28fe82a97deac29626,f042e8318cf20957c2339d96690c3186"
"57354c82-ff9c-4a54-8377-d195e4ff0a26","8b779fe1d71839ad361226f66f1b3fe5,67e3b720cee8184c714585a85f8058a0,8f47af49c330c9fcf3451ad2252b9e04,89c7bd12495e29413038224cb61db02e,4b817d0e7714b9d43db43ae4a22a161e,6b2df08bacf640cc2ac6f20c76af07ee,d717f8de642b65f029829c34fbd13a45,a2c5f994e9b4a74b2f5b51c7a44c4401,9c8fffef24fc480917236f9a20b80a47,dc358c301fb463c2f4e7edb028dfe7e8"
"de003542-80e1-4aa0-9b99-ed8647a93a6e","7d46d0ddaf8c7e1776a70c220bf47524"
"12ccd18a-11da-495a-b4b4-98a2f2bff180","44c491b809823eba8747e08f3ec68829"
"0e8da43d-92e0-43f9-bc34-50a7d15b34bd","a92bf3c219a5fa82087b6c31bdf36ff3"
"dc3fdbd3-601a-4d2a-bf34-d2e84c6ff1d3","003dc41d148ec3286dc7df404ba3f2aa"
"0a2f2700-97b5-42b6-b121-38e5f03e9957","ab53d07f18a9697139ddc825b466f696"
"fb783760-cb3f-4cf4-b4ac-8edb756b9821","08001b0cdb0946433366032827d7a187"
"b8339454-0e84-4a5b-92d0-6a626ced6677","55cd6b46ac25bbe01245f2270a0d6cb8,c9b046a6961957cc6c93a5192d3e61e3,dff6c75c9754a6be61a47a273364cdf7,9b5533c4af38759d167d5399e83b475f,ef1afb3a5ddad6795721f824690b4a69,0199a59af05d9986842ecbdee3884f0c,b9cf3294c13cdea624ab95ca3e2e483f,ac591a3b4df82a589edbb236263ec70a,8fcf90cb5f9cb7205c075c662720f762,ef18d594c862d6d3704b777fa3445ac2,9988fc825675d4d3e2298537fc78e303,fa0d1fca7c5b44ce3b799389434fcaa5"
"13b2424a-d337-4bc7-ad1d-2049c79906b4","36875562e747136313ec5db58174e5fab870997a054ca8d3987d181599c7db6a"
"205721b7-b83b-414a-b4b5-8bacb4a37777","1493d342e7a36553c56b2adea150949e,76c643ab29d497317085e5db8c799960"
"47724cc1-bf75-4ab7-a47a-355a9aa30de1","444f538daa9f7b340cfd43974ed43690"
"19d16518-4aee-4983-ba89-dbbe0fa8a3e7","31469f1313871690e8dc2e8ee4799b22"
"5ad8a3b6-6d20-4c95-8fa7-9a507167ba3c","0c1a4b584106cca4edce5d04c89eef67,724c7d404a7c182084c6f6c2d20e9e05,c6dcf97b669be21dffd4e96aecec3066,e9e4b27f98eb15dcfc01837e7816ad67,6088826a0114f777e486ff093a8d4150,c56a3a74019e2304af8c19e8e17dd9d3,e3b79b124fe408b971d18fd3a25b5ba0,e1190b7a0bd3b8cc3a819d471ede264f,3a53fe6598d2b9bc3b81d3dd6bc5d843,837b27efec864ae45d89cfffc1e635f0,5035359be554444dde135903e4a07b28,5c7d08cafbb96b0812a90ce4de52869a,546107a0f37686b2417f1be2e05305f6,dc83a482d5900f19c0b92b9d183449ed,1b54c047e17f0319a6202b579a850c54,14acd57bd9fa8093c46fdd5e9f271b70,303d0cc0864955eb20fe820104713d5f,173779a1a53b6ac06dcf045bc78eed62,15cfb6e9841d553926aace5114fa8475,b04685112a0a8f7689c8d827bfcfe158,e5df31054a60be8aa858a28a8fe0f73e,c3e397dc9fb61a75521548048458a018,305b05de211be69446444284923bd676,3e5c04eced0e89aa8bfc279323c3544e,48357f3a359fa9c18f370f177c70298e"
"75a66604-f024-4f11-8ba7-fdd64a0df3bf","64ae0358860e2a5b658383f7e651038e"
"86b520f6-cc90-4488-b343-168cad88010d","3ae56ab63230d6d9552360845b4a37b5801cc5ea"
"7f9842a0-8118-462e-8860-227265ff4379","4d99d02f49e027332a0a9c31c674e13b,2e5f016ff9378be41fe98fa62f99b12d,6d97ee5b3300d0f7fa359f2712834c40,2f1ebc14bd8a29b89896737ca4076002,1c4acf27317a2b5eaedff3ce6094794d"
"5af9abf0-d8de-4e9b-8141-e9e97a31901a","76bb1a4332666222a8e3e1339e267179"
"d55a5955-6220-4f38-ba7d-91339330fe98","84fb76ee319073e77fb364bbbbff5461,7951fa3096c99295d681acb0742506bf,5c5f1c2dc6c2479bafec7c010c41c6ec,cf1113723e3c1c71af80d228f040c198,3482acba11c71e45026747dbe366a7d9,1e1a3d43bd598b231207ff3e70f78454,6f7125540e5e90957ba5f8d755a8d570,a5ff71e189b462d2b1f0e9e8c4668d79"
"e5f12b82-8d07-474e-9587-8c7b3714d60c","2a3ce41bb2a7894d939fbd1b20dae5a0,db46c56849bbce9a55a03283efc8c280,99c131567c10c25589e741e69a8f8aa3,e5f8fcdfb52155ed4dffd8a205b3d091,707ab1170389eba44ffd4cfad01b5969,9e0659d443a2b9d1afc75a160f500605,51e7b58f6e9b776568ffbd4dd9972a60,06897b431c07886454e0681723dd53e6,d4a10447fdaff7a001715191c1f914b6,75e50ae2e0f783e0caf912f45e15248a,5054083cf29649a76c94658ba7ff5bce,21e13f2cb269defeae5e1d09887d47bb"
"1524a54d-520d-4fa4-a7d5-aaaa066fbfc4","1c294146fc77565030603878fd0106f9,3a48f0e4297947663fbb11702aa1d728"
"e9b099f6-8a12-46f0-a540-40e88cf0ce17","3390919bb28d5c36cc348f9ef23be5fa49bfd81263eb7740826e4437cbe904cd"
"974de971-1f78-47b9-8049-6c34f294acd5","37dde6bd8a7a36111c3ac57e0ac20bbb93ce3374d0852bcacc9a2c8c8c30079e"
"81a73e57-2e92-4d21-97d3-1c21eb4c3aea","b941c8364308990ee4cc6eadf7214e0f"
"e32bc3da-4db1-4858-a62c-6fbe4db6afbd","2d8e4f38b36c334d0a32a7324832501d,0ec361f2fba49c73260af351c39ff9cb,0a2ec9e3e236698185978a5fc76e74e6,9a5a35112c4f8016abcc6363b44d3385,a5afd20e34bcd634ebd25b3ab2ff3403,6691e873354f1914692df104718eebad,b994110f069d197222508a724d8afdac,4b194021d6bd6650cbd1aed9370b2329,6b16512bffe88146a7915f749bd81641,0be80db5d9368fdb29fe9d9bfdd02e7c,61e8367fb57297a949c9a80c2e0e5a38,98583b2f2efe12d2a167217a3838c498,dca1c62c793f84bb2d8e41ca50efbff1,027e10a5048b135862d638b9085d1402,592065b29131af32aa18a9e546be9617,ada5f19423f91795c0372ff39d745acf,8a108158431e9a7d08e330fd7a46d175,c475c7d0f2d934f150b6c32c01479134,79b8119b012352d255961e76605567d6,6fb3d42a4f07d8115d59eb2ea6504de5,700e9902b0a28979724582f116288bad,ef5ba21690c2f4ba7e62bf022b2df1f7,d6cc5709aca6a6b868962a6506d48abc,adc1e141b57505fd011bc1efb1ae6967,2e887e52e45bba3c47ccd0e75fc5266f,7f7b8cde26c4943c9465e412adbb790f,86635fdc8e28957e6c01fc483fe7b020,e6ea0e8d2edcc6cad3c414a889d17ac4,0d992b69029d1f23a872ff5a3352fb5b,b418293e25632c5f377bf034bb450e57,f4b2580cf0477493908b7ed81e4482f8,bc5366760098dc14ec00ae36c359f42b,7c40ec9ed020cc9404de8fe3a5361a09,b971b79bdca77e8755e615909a1c7a9f,96c850e53caca0469e1c4604e6c1aad1,cb22776d06f1e81cc87faeb0245acde8,1440c0da81c700bd61142bc569477d81,70c2c29643ee1edd3bbcd2ef1ffc9a73,ddb7da975d90b2a9c9c58e1af55f0285,72acbdd8fac58b71b301980eab3ebfc8,260eef181a9bf2849bfec54c1736613b,aa55dd14064cb808613d09195e3ba749,710b290a00598fbb1bcc49b30174b2c9"
"a8e999ee-746f-4788-9102-c1d3d2914f56","ed6348707f177629739df73b97ba1b6e,c8c6fadcb7cb85f197ab77e6a7b67aa9,ad6d5177656dfc5b43def5d13d32f9f6"
"fbdd993b-47b1-4448-8c41-24c310802398","257483d5d8b268d0d679956c7acdf02d,f7a09ac4a91a6390f8d00bf09f53ae37,1276f735d22cf04676a719edc6b0df18,9650db2ef0a44984845841ab24972ced"
"268e87ba-ad44-4f3c-986f-26712cac68da","715572dfe6fb10b16f980bfa242f3fa5,e7ab83a655b0cd934a19d94ac81e4eec"
"90afa27c-0f67-46a6-b4a9-809f55157c71","ba2c0fa201c74621cddd8638497b3c70,4c76554d9a72653c6156ca0024d21a8e,5f4a232d92480a1bebbe025ef64dc760,f56f30ac68c35dd4680054cdfd8f3f00,a1547e8b2ca0516d0d9191a55b8536c0,bd5d4d07ae09e9f418d6b4ac6d9f2ed5"
"cf805b21-4611-4983-a8b6-271373a45057","942c6a8332d5dd06d8f4b2a9cb386ff4,d98d2f80b94f70780b46d1f079a38d93,b7946feaeae34d51f045c4f986fa62ce,3c9c537167923723429c86ab38743e7d"
"bb808089-5857-4df2-8998-753a7106cb44","dacb62578b3ea191ea37486d15f4f83c,d104621c93213942b7b43d65b5d8d33e"
"a1d35b93-e97f-4ddd-a465-2405e804e754","dfaefd06b680f9ea837e7815fc1cc7d1f4cc375641ac850667ab20739f46ad22"
"a254e684-f6eb-40c4-a50a-7b76feb6cc02","afbb28a756e233d32e224a664763f79c"
"b28cc2ee-d4a2-4fe4-9acb-a7a61cad20c6","33b3842172f21ba22982bfb6bffbda27,e626956c883c7ff3aeb0414570135a58,9e0af1fe4d6dd2ca4721810ed1c930d6,da8437200af5f3f790e301b9958993d2,4cee9945f9a3e8f2433f5aa8c58671fb,1762105b28eb90d19e9ab3acde16ead6,356bda2bf0f6899a2c08b2da3ec69f13"
"db666d40-c9fa-4039-bfac-a5d7afd61b67","7475bfea6ea1cd54029208ed59b96c6b,8aa9d47ec9a0713c56b6dec3d601d105,eb4de413782193e824773723d790cfc4,0797bb21d7a0210fedf4f3533ee82494,0ccc4e9396e0be9c4639faec53715831,f670d1570c75ab1d8e870c1c6e3baba1,8bf290b5eda99fc2697373a87f4e1927,86bec99cd121b0386a5acc1c368a9d49,def0da6c95d14f7020e533028224250e,e4b50e44d1f12a47e18259b41074f126,57cd52ed992b634e74d2ddf9853a73b3,9945823e9846724c70d2f8d66a403300,5eabc87416f59e894adfde065d0405fa,eba6b88bc7bca21658bda9533f0bbff8,a5deee418b7b580ca89db8a871dc1645,6917ef5d483ed30be14f8085eaef521b,c9cb486b4f652c9cfb8411803f8ed5f0,e6eaee1b3e41f404c289e22df66ef66b,be5f46fd1056f02a7a241e052fa5888f,5e9d5c59ba1f1060f53909c129df3355,2315a8919cfb167e718d8c788ed3ceca,b17fb1ad5e880467cf7e61b1ee8e3448,f7edd110de10f9a50c2922f1450819aa,100fe0bc0c183d16e1f08d1a2ad624a8,0420fa6704fd0590c5ce7176fdada650,c607c37af638fa4eac751976a6afbaa6,c5d1f8ed329ebb86ddd01e414a6a1718,d3026938514218766cb6d3b36ccfa322,1b2e3b7f2966f2f6e6a1bb89f97228e5,00685003005b0b437af929f0499545e4,daf11013cf4c879a54ed6a86a05bee3c,2a2867e1f323320fdeef40c1da578a9a,729afa54490443da66c2685bd77cb1f0,644d687c9f96c82ea2974ccacd8cd549"
"97fa88f6-3819-4d56-a82c-52a492a9e2b5","f08ebaf4493e99f4f095a4f7696287d4,892ba05649cfdc690bb66325c85d9c5c,381144bb812e0244ea8923814fda2949,d045c3499d42c257be2163b3f1f785fa,b2aba4fa678c272ece36f928e5b81dd9"
"c0645f0f-9b97-4fe9-811e-2e45c250c9ef","fcdfe570e6dc6e768ef75138033d9961f78045adca53beb6fdb520f6417e0df1"
"4cb95b41-43b4-4806-b536-ae5fd8c76b0e","e548fef8b4c41ee672482dcc1af31aef"
"394f49b2-2d78-4d0d-b374-1399695455f3","e2db558c3996bb34fbf21017f0ce5591,d9afa784f62d5a2c282074c90f220e35"
"4137ecf0-05e7-463a-94da-47b7259d4433","faa870b0cb15c9ac2b9bba5d0470bd501ccd4326,aca8e53483b40a06dfdee81bb364b1622f9156fe,05ac1c64ca16ab0517fe85d4499d08199e63df26"
"b51c441a-12c7-407d-9517-559cc0030cf6","73c98438ac64a68e88b7b0afd11ba140,002a58b90a589913a07012253662c98c,524cd77f4c100cf20af4004f740b0268,1f15a513abc039533ca996552ba27e51,394e290aff9d4e78e504cedfb2d99350,d4119a5cb07ce945c6549eae74e39731,a346417e9ae2c17a8fbf73302eeb611d"
"a08ee79f-801d-4b98-996f-55f6a72ac5f7","c8d3784a3ab7a04ad34ea0aba32289ca,ad612a7eb913b5f7d25703cd44953c35,2601cf769ad6ffee727997679693f774,de2aac9468158c73880e31509924d7e0,e98f4cc2cbf9ec23fd84da30c0625884"
"1ed9d02f-17cf-43dd-9645-a54452468a5e","b242b0332b9c9e8e17ec27ef10d75503d20d97b6,a65fabaf64aa1934314aae23f25cdf215cbaa4b6"
"670dc258-78b5-4552-a16b-b41917c86f8d","1f950cfd5ed8dd9de3de004f5416fe20"
"4e5064b4-48d3-418c-a7a8-f0dc7ac0a176","d9e7e5bcc5b01915dbcef7762a7fc329"
"424a387e-735e-49d1-99de-f067dcf1c3e9","0412e9fd6ff7d41f599e878b22b8a9b7"
"9889da50-3908-4499-a729-187295a60a0e","6c1bb3a72ebfb5359b9e22ca44d0a1ff825a68f2,e039c9dd21494dbd073b4823fc3a17fbb951ec6c,7eec3a1edf3b021883a4b5da450db63f7c0afeeb,e5021a98e55d514e2376aa573d143631e5ee1c13,729a8675665c61824f22f06c7b954be4d14b52c4,2b4d0dead4c1a7cc95543748b3565cfa802e5256,4a7d66874a0472a47087fabaa033a85d47413379"
"0f749d4e-145e-4b8e-bea6-47003d228043","3a1ba5cd653a9ddce30c58e7c8ae28ae,f34489c0f0d0a16b4db8a17281b57eba"
"4f93e19c-4600-4e2e-943f-a986875fd7d2","ae79e760c739d6214c1e314728a78a6cb6060cce206fde2440a69735d639a0a2"
"d64167b6-f281-41d8-9535-6cb925e77aec","d6e9f6c67d9b3d790d592557a7d57c3c"
"c7f76931-e24c-4d94-9e1f-5a083da581b4","fd3b7234419fafc9bdd533f48896ed73"
"1ff757df-9a40-4f78-a28a-64830440abf7","8fc6cafd4e63a3271edf6a1897a892ae,7c0b186d1912686cfcb8cd9cdebabe58"
"07c57c69-c8d7-40cf-8bcc-612671427044","6d810fbf251792ec3bfb5aeef2462914"
"3a9ea9a6-e5e3-439a-b892-1f78dd990099","a360ec883ef5383157080b2e185802ef"
"e769d1f6-8a38-426f-b5e7-447241204ee1","4514a0e8bcab7de4cff55999cdf00cd1,1793e1d4247b29313325d1462dec81e2,62f8d7f884366df6100c7e892e3d70bf,328a2cb2da464b0c2beb898ff9ae9f3a"
"0144dbef-1da8-406c-8e35-7afee57dc471","9085c848e3b632fdc01cf64d95d3e0fc"
"e6338692-90e0-41b1-9481-a47e0df144ad","08596732304351b311970ff96b21f451f23b1e25,7838fb56fdab816bc1900a4720eea2fc9972ef7a,4789b910023a667bee70ff1f1a8f369cffb10fe8,eeff4ec4ebc12c6acd2c930dc2eaaf877cfec7ec"
"e7c958da-fd5d-40d6-975e-582c6fee7f69","b10b210c5944965d0dc85e70a0b19a42"
"4d365dd0-34c3-492e-a2bd-c16266796ae5","d9aafc513be1c4c57b9f9827e986039c,13dda15ef67eb265869fc371c72d6ef0,ba5f0f6347780c2ed911bbf888e75bef,afc2448b4080f695e76e059a96958cab"
"0d6f1b0f-b94d-4254-b3bb-49de61246260","96e7f6770e12dd05a8ecf7b5d5dcd2fd"
"ee6fa2de-d388-416c-862d-24385c152fad","808d2bcad62afa82a2b4fdd0fec6d9c6,d90251456195433abcb63ff579a8dda8"
"5938df1d-9513-449f-8252-c442ddca0c2a","65b979bcab915c3922578fe77953d789"
"902249eb-87cb-4c01-8da7-17675d743cd7","a4fda97f452b8f8705695a729f5969f7"
"b0dedc3f-6e4b-497a-aade-390cbf4beebb","e4ea7ebfa142d20a92fbe468a77eafa6,449bb1c656fa30de7702f17e35b11cd3,4ec08e0bcdf3e880e7f5a7d78a73440c,cc35379f0421b907004a9099611ee2cd,9993a2a45c745bb0139bf3e8decd626c"
"31686f0e-3748-48c2-be09-fc8f3252e780","4e90cd77509738d30d3181a4d0880bfa"
"91ff1575-9ff2-46fd-8bfe-0bb3e3457b7f","4d487f77be4471900d6ccbc47242cc25,5ca1922ed5ee2b533b5f3dd9be20fd9a,9321a61a25c7961d9f36852ecaa86f55"
"3bec7340-bd8b-43ae-8569-d81a66f01dda","fd80c3d38669b302de4b4b736941c0d1,7e6e2ed880c7ab115fca68136051f9ce,8942e9fa2459b1e179a6535ca16a2fb4,1f3522c5db7b9dcdd7729148f105018e"
"ebdde780-e142-44e7-a998-504c516f4695","a860d74c13d125d7c6253a4dc3b47ddf"
"73290fcb-a0d7-481e-81a5-65a9859b50f5","366bd312aad96a7eb4912688b9e8d268"
"998ed67c-9c20-46ef-a6ba-abc606b540b9","480f2ca1679056019dbc8abece3fa3cb"
"a2c3f6e9-25a5-4b75-8c6b-ad2d4e155822","6ba44f6ab055d6827a3ba43b215a7e13"
"48aeea9b-7812-4b25-9835-baaebe7dc551","b7b961e5052519435626a417cf612b97"
"5943b267-64f3-40d4-8669-354f23dec122","8407ddfab85ae664e507c30314090385,1ed08a6264c5c92099d6d1dae5e8f530,ddc2ffe0ab3fcd48db898ab13c38d88d,29ccff428e5eb70ae429c3da8968e1ec,a57b47489febc552515778dd0fd1e51c,fe71c99a5830f94d77a8792741d6e6c7"
"7a0842ca-1a64-4ad1-9d66-25eb983d1742","2da707d2fa073d60c4b069ce76a789ef"
"0f64bf7a-2ef2-45ea-af7d-4e7c87d98777","2a9cf32ba325f394ae1cfb1e70f38b6e"
"a285591e-ad3c-46a3-a648-c58589ff5efc","eb525d99a31eb4fff09814e83593a494"
"c1ece07b-e92a-4050-95ee-90e03aa82120","8111085022bda87e5f6aa4c195e743cc6dd6a3a6d41add475d267dc6b105a69f"
"47fe1aaf-02cd-4a41-8bf5-0047015a2a6e","2c54859a67306e20bfdc8887b537de72"
"f654ad84-c61d-477c-a0b2-d153b927dfcc","be9eeea2a8cac5f6cd92c97f234e2fe1,343ada10d948db29251f2d9c809af204,00143c457c8885fd935fc5d5a6ba07a4,6dd82d91f981893be57ff90101a7f7f1"
"40bfb01b-d251-4c2c-952e-052a89a76f5b","0067c788e1cb174f008c325ebde56c22"
"a4795ab6-d908-44cf-9ebf-a47db367d385","7be3a7a743f2013c3e90355219626c2c"
"d4664202-d1b9-44d4-97cc-fee2150082db","d3e40644a91327da2b1a7241606fe559,7644bed8b74dc294ac77bf406df8ad77,01f092be2a36a5574005e25368426ad2,0e51d96a3b878b396708535f49a6d7cb,be54aabf09c3fa4671b6efacafa389e3,2e48c3b8042fdcef0ed435562407bd21,7bdf418a65ec33ec8ff47e7de705a4e1,697bbd86ee1d386ae1e99759b1e38919,c60a4bc4fec820d88113afb1da6e4db3,db2fc89098ac722dabe3c37ed23de340,9ade14e58996a6abbfe2409d6cddba6a,05bf59560656c8a9a3191812b0e1235b,02fc655279b8ea3ef37237c488b675cc,547971da89a47b6ad6459cd7d7854e12,87982977500b93330df08bf372435641"
"c854b612-0b9f-4fc3-a7b8-a93bed7a291e","0211ab46b73a2623b86c1cfcb30579ab"
"933f5671-e995-4976-8392-52d34dcd4e05","7314c2bc19c6608d511ef36e17a12c98,251e1ce4e8e9b9418830ed3dc8edd5e3,dc9be271f403e2278071d6ece408ff28,67b5b8607234bf63ce1e6a52b4a05f87,278761b706276f9b49e1e2fd21b9cb07,2a8662e91a51d8e04a94fa580c7d3828,d6c2e061b21c32c585aca5f38335c21c,9bcb97a1697a70f59405786759af63b8,555446a3ca8d9237403471d4744e39f4,c6b5a3ae07b165a6e5fff7e31ff91016,2b653950483196f0d175ba6bc35f1125,d7cf689e6c63d37bc071499f687300dd,fdf975524d4cdb4f127d79aac571ae9e,0a4e6bd5cc2e9172e461408be47c3149,fcc5de75c1837b631ed77ea4638704b9,97580157f65612f765f39af594b86697,4124de3cb72f5dfd7288389862b03f2a"
"457f8b21-202a-4a3d-a18d-b4aaded9ef02","f18e669127c041431cde8f2d03b15cfc20696056"
"afb8bb46-1d13-407d-9866-1daa7c82ca63","187ddca26d119573223cf0a32ba55a61,69fd73a83df164d7fe5d89e006e945dc,410b44dc8ec9e756e2abdbb406aa42ad,1585d3eda733dfe42202bb98f95f7f5d,5fea22f442e7fd34a54008e363446d13"
"705facba-b595-41dd-86a6-93aefe6a6234","79e368a81e3a7ae8a5d2db97dd5138e2"
"c33648d7-6473-4e2b-92f6-93f195bc183f","804c3cda22b58a6b4eec8a1a789e5e27,4972b9e4cd0a2cb8fc71ffc9cbcb8c01,4972b9e4cd0a2cb8fc71ffc9cbcb8c01,a19eca4bc9dab100a0f0a1d5a1221fdc,de1483e962bae5db0735872c036e404f,927b1f6b14c51cb5491f286cbcfaed81,eac4a15c3d19af7f579b7d9ad2751543,f8c5b8f95c6f86537a689f4083c54a18,3ff6facc1598bf73890da601a518081a,6e1d33edc594af4d0e42a4b945a4f5f5,fc190e931663988766794e2776b84bc2"
"fab98aaa-e4e7-4c4a-af65-c00d35cf66e9","db72def618cbc3c5f9aa82f091b54250"
"65660363-0080-4432-abd9-64368dac0283","146d77e80ca70ea5cb17bfc9a5cea92334f809cbdc87a51c2d10b8579a4b9c88"
"f92f4c60-b39c-4726-ba74-dcab7f653ae2","2a5fb925125af951bd76c00579d61666,17fe96af33f1fe475957689aeb5f816e,62792c30836ae7861c3ca2409cd35c02"
"7abc873d-9c28-44c2-8f60-701a8e26af29","982d39a9c76395dd4c826fe77c00a4bd,3f79ea5d2bbd2023d2f3e47d531f0e33"
"c0634ed7-840e-4a7e-8b34-33efe50405c2","b0caa4f3ac2841be683933a6af9bee0e"
"578d4909-c2ba-4363-b6e3-98fb62d5e55c","0ebaef662b14410c198395b13347e1d175334ec67919709ad37d65eba013adff"
"1c92e1bf-103b-4545-b242-e5a9858ec9c8","e7a3db3fe70e8b0c4aaa1c5e9de8da5a"
"d74fdf19-b4b0-4ec2-9c29-4213b064138b","f1a203406a680cc7e4017844b129dcbf"
"3aa6e630-59be-4a15-a30c-aaed4c1edaf0","7575b35fee4ec8dbd0a61dbca3b972e3,397580c24c544d477688fcfca9c9b542,13a2b915f6d93e52505656773d53096f,723381977ce7df57ec623db52b84f426,eb7f6d01c97783013115ad1a2833401a,b62e2371158a082e239f5883bd6000d1,09e77d71d626574e6142894caca6e6dd,24589081b827989b52d954dcd88035d0,8f1255efd2ed0d3b03a02c6b236c06d6,f0e21ababe63668fb3fbd02e90cd1fa9,648adec580746afbbf59904c1e150c73,5c5973d2caf86e96311f6399513ab8df,009876ab9cf3a3d4e3fc3afe13ae839e,7c887f2b1a56b84d86828529604957db,1caf5070493459ba029d988dbb2c7422,a730b97ab977aa444fa261902822a905,17c7bcae7ebabb95af2f7c91b19c361c,7ffdd78d63ca7307a96843cfe806799e,192519661fe6d132f233d0355c3f4a6d,ab4656d1ec4d4cc83c76f639a5340e84,b41dcdb2e710dffba2d8ea1defb0f087,e99e86480d4206beb898dda82b71ca44,3af19d325f9dcdf360276ae5e7c136ea,4a829b8cf1f8fdb69e1d58ae04e6106e,8a212a246b3c41f3ddce5888aaaaacd6,198b723e13a270bb664dcb9fb6ed42e6,5bbe4e52bd33f1cdd4cf38c7c65f80ae,25ede0fd525a30d31998ea62876961ec,03ca3b1cff154ab8855043abadd07956,2b6a17ec50d3a21e030ed78f7acbd2af,2d854c6772f0daa8d1fde4168d26c36b,1ad400766530669d14a077514599e7f3,0ec31f45e2e698a83131b4443f9a6dd7,96fb2101f85fa81871256107bdd25169,b3d6378185356326fd8ee4329b0b7698,0c7f66cd219817eaab41f36d4bc0d4cd"
"b3fd8560-79d3-40b7-b05f-c78044176c8c","7b2918d0a19ca452d39ec59b7670e880"
"a7628504-9e35-4e42-91f7-0c0a512549f4","c842827d4704a5ef53a809463254e1cc,84b17daba8715089542641990c1ea3c2,e36f6f7401ae11e11f69d744703914db,1610342659cb8eb4a0361dbc047a2221"
"7a7630d6-d007-4d84-a17d-81236d9693e1","a60c9173563b940203cf4ad38ccf2082"
"39742f99-2180-46d7-8538-56667c935cc3","e79c91c27df3eaf82fb7bd1280172517,ab7b28b532beba6a6c0217bc406b80ee"
"4c815256-2534-4476-b15d-7cbf24c80098","8b6fc18d944ae44403dd03a6c63b7fbb"
"86cff0de-2536-4b8d-a846-a7312c569597","f0470f82ba58bc4309f83a0f2aefa4d5,afae2a21e36158f5cf4f76f896649c75,f0fdfdf3303e2f7c141aa3a24d523af1,18b4bbeae6b07d2e21729b8698bbd25a,d43dcba796b40234267ad2862fa52600,c9390a8f3ca511c1306a039ca5d80997,f44f6ec546850ceb796a2cb528928a91,91755cc5c3ccf97313dc2bece813b4d9,a87689b1067edacc48fddf90020dee23,f30db62d02a69c36ccb01ac9d41dc085,0cd0fe9d16b62415b116686a2f414f8c,f544f9925cab71786e57241c10e08633,e4ff4edce076f21f5f8d082a62c9db8b,a926b64be7c27ccb96e687a3924de298,0eb3dfeffb49d32310d96f3aa3e8ca61,79bfbeb4e8cfdd0cb1d73612360bd811,6a1ff4806c1a6e897208f48a1f5b062f,fadf9c1365981066c39489397840f848"
"ea0e7351-b65c-4c5a-9863-83b9d5efcec3","d0c50c113fe59c21ad59932e6b9c202f"
"90e8600a-9b5c-4153-bb06-1d8fbe0ef232","455bc98ba32adab8b47d2d89bdbadca4910f91c182ab2fc3211ba07d3784537b"
"48bc2815-85ec-4436-a51a-69810c8cb171","715f8efab1d1c660e4188055c4b28eed"
"b745b5da-9cd6-4b3a-badf-fbe487497705","a86150f2e29b35369afa2cafd7aa9764,ad22a7b010de6f9c6f39c350a471a440,0761c357aed5f591142edaefdf0c89c8"
"a7bba474-815f-49be-bddc-4d76a64c866c","6126065af2fc2639473d12ee3c0c198e,c6f8983dd3d75640c072a8459b8fa55a,f7cbbb5eb263ec9a35a1042f52e82ca4,7ed6030f14e66e743241f2c1fa783e69,3651a6990fe38711ebb285143f867a43,736c4b85ce346ddf3b49b1e3abb4e72a,4a06bcd96ef0b90a1753a805b4235f28,63e333d64a8716e1ae59f914cb686ae8,79483cb29a0c428e1362ec8642109eee,23cf3da010497eb2bf39a5c5a57e437c,9638f265b1ddd5da6ecdf5c0619dcbe6,f2f728d2f69765f5dfda913d407783d2,992ded5b623be3c228f32edb4ca3f2d2,c3fea895fe95ea7a57d9f4d7abed5e71,0395b4e0eb21693590ad1cfdf7044b8b,68dde686d6999ad2e5d182b20403240b,34069a15ae3aa0e879cd0d81708e4bcc,3f39f013168428c8e505a7b9e6cba8a2,1ed043249c21ab201edccb37f1d40af9,96b463b6fa426ae42c414177af550ba2,0752f113d983030939b4ab98b0812cf0,6cce5bb9c8c2a8293df2d3b1897941a2,64efbffaa153b0d53dc1bccda4279299,2da209dde8188076a9579bd256dc90d0,84ba7af6ada1b3ea5efb9871a0613fc6,1b32c54b95121ab1683c7b83b2db4b96,b0baac4d6cbac384a633c71858b35a2e,b89b097b8b8aecb8341d05136f334ebb,a711e6ab17802fabf2e69e0cd57c54cd,490b1f404c4f31f4538b36736c990136,6f5d54ab483659ac78672440422ae3f1,dd04cd3de0c19bede84e9c95a86b3ca8,95e4c7b0384da89dce8ea6f31c3613d9,9aa7ed7809eec0d8bc6c545a1d18107a,c02f70960fa934b8defa16a03d7f6556,300c5b1795c9b6cc1bc4d7d55c7bbe85,3dbf69f935ea48571ea6b0f5a2878896,8d63e1a9ff4cafee1af179c0c544365c,e9a30edef1105b8a64218f892b2e56ed,361a598d8bb92c13b18abb7cac850b01,7b43dfd84de5e81162ebcfafb764b769,f66b96aa7ae430b56289409241645099"
"868c6920-f6cb-4088-8277-095a1358abe1","e700a820f117f65e813b216fccbf78c9,d253c19194a18030296ae62a10821640"
"d1441172-cc15-4a96-b782-f440bfb681e1","dec8a933dba04463ed9bb7d53338ff87f2c23cfb79e0e988449fc631252c9dcc"
"cacc48e6-6ed8-431c-abee-88ee6c2dc3c1","cb9890d4e303a4c03095d7bc176c42dee1b47d8aa58e2f442ec1514c8f9e3cec"
"5961e133-ccc3-4530-8f4f-5d975c41028d","58e6c458409f748711353beb9acfc8ed,aca70899d834124fa02dc52f098cad05,3f87df040c35ea45dfd4ae371b9641ae"
"54d67d79-0268-4c5f-be7e-0f74cd20828a","c02f70960fa934b8defa16a03d7f6556"
"d35cb48d-2aca-4d7d-a194-f4566183bcd9","34686a4b10f239d781772e9e94486c1a,28d6b138adc174a86c0f6248d8a88275,e3aaa0c1c3a5e99eb9970ebe4b5a3183,5a615f4641287e5e88968f5455627d45,85e606523ce390f7fcd8370d5f4b812a,6e25148bb384469f3d5386dc5217548a,ad866d83b4f0391aecceb4e507011831,dd9596c18818288845423c68f3f39800,3e796eb95aca7e620d6a0c2118d6871b,f4b7b84a6828d2f9205b55cf8cfc7742,29122f970a9e766ef01a73e0616d68b3,8580165a2803591e007380db9097bbcc,085d3423f3c12a17119920f1a293ab4d,08bac71557df8a9b1381c8c165f64520,42132c7a755064f94314b01afb80e73c,f51065667fb127cf6de984daea2f6b24,a31246180e61140ad7ff9dd7edf1f6a1,569676d3d45b0964ac6dd0815be8ff8c,df9953fa93e1793456a8d428ba7e5700,58a92520dda53166e322118ee0503364,4c6d311e0b13c4f469f717db4ab4d0e7,1db988eb9ac5f99756c33b91830a9cf6,f33c3f08536f988aac84d72d83b139a6,46edb648c1b5c3abd76bd5e912dac026,2ddd3c0e23bc0fd63702910c597298b4,3e4a1384a27013ab7b767a88b8a1bd34,f65e545771fd922693f0ec68b2141012,9af5ae780b6a9ea485fa15f28ddb20a7,09927915aba84c8acd91efdaac674b86,113056ec5c679b6f74c9556339ebf962,c42caa9cdcc50c01cb2fed985a03fe23,d79b8b7bed8d30387c22663b24e8c191,e28ce623e3e5fa1d2fe16c721efad4c2,62eed4173c566a248531fb6f20a5900d,8cb2ffb8bb0bbf8cd0dd685611854637,59f6320772a2e6b0b3587536be4cc022,c006d1844f20b91d0ea52bf32d611f30,949ef0df929a71d6cc77494dfcb1ddeb,d6b259b2dfe80bdf4d026063accd752c,996ded363410dfd38af50c76bd5b4fbc,148bd10da8c8d64928a213c7bf1f2fca"
"2bea1bca-753c-4f09-bc9f-566ab0193f4a","9ab9f3b75a2eb87fafb1b7361be9dfb3,1cff7b947f8c3dea1d34dc791fc78cdc,95a95e28cf5ee4ece6ffbaf169358192"
"724d7989-dfce-4bb2-9beb-dee15df5b790","2b36d61f6e7420977648ed27e784adf1"
"c8619f49-8e23-489b-9878-53d27533da15","1ed1fe48caba92583b9ceef503af330f"
"e4098d7e-78b3-4da1-96cb-68b27f245e02","bae1f127c4ff21d8fe45e2bbfc59c180"
"a4eabc75-edf6-4b74-9a24-6a26187adabf","c996d7971c49252c582171d9380360f2,c996d7971c49252c582171d9380360f2,084bd27e151fef55b5d80025c3114d35,d2fd132ab7bbc6bbb87a84f026fa0244"
"13637210-2e1c-45a4-9f76-fe38c3c34264","7b9e1e5e8ff4f18f84108bb9f7b5d108"
"aaa92ef1-5728-4e15-9fca-b054b02f0fb0","fd7de498a72b2daf89f321d23948c3c4"
"f16f82de-1ad0-47d8-a869-2c10ed25d9f1","eb0a8eeb444033ebf9b4b304f114f2c8,5c55fcfe39336de769bfa258ab4c901d"
"71d930a7-3465-4d27-90d4-2a1a08bebb92","11966f98a92e039f1d14689538cccd99"
"7437388f-821e-421f-a3c1-62ce2c725a6a","5b9623da9ba8e5c80c49473f40ffe7ad315dcadffc3230afdc9d9226d60a715a"
"067589f2-4f29-4dc4-bd50-a2e2ee57b25f","3e9b62d2ea2be50a2da670746c4dbe807db9601980af3a1014bcd72d0248d84c"
"fd6c52b1-aeaa-4d89-8051-91acc68c3270","608f9ef01086e9a8bdb373925a878c3a"
"17cf4fac-88f1-467d-9f62-481d33accc5b","d5a642329cce4df94b8dc1ba9660ae34"
"9454a752-233e-4ba2-b585-8da242bf8f31","1e9f5515bff6f29d06694be4cd95a21c,4fbf95520d372ed081a16e1ccfb3c154,46e5dfe28aeccc39ea893975d54e3d3b,a01abca106a37eb4e7f96b1c4be38712,530f12f8058199964d0b41f1856185ec,3ce1153adde6ca1fa17679d9f00b4de0,2ff65eaca2ace4d13d0c7db521120e51,e3fb0f73f17f1fe04ae8fa9448d2f92b,a57e4e3a3fa46bbdbc9d803283af3479,9c46269615ae06f912463ddc28319157,0e2d4679f68796e9dd0d663137cb9e12,f783cf9084f1cefa87e9e5a302d4d18a,1814c4b16c8c3e746a185daaa5099ebc,0bd3b9f55a2d3a13f506d9d8b970e0de,a07f5f368deb3569ec3129fa55da4041,cb34374f1b5fb771076872c6b14b7501"
"19003e00-d42d-4cbe-91f3-756451bdd7da","0b6ec2aedc518849a1c61a70b1f9fb068ede2bc3,461882bd59887617cadc1c7b2b22d0a45458c070,a7948a4e9a3a1a9ed0e4e41350e422464d8313cd,f3cce7e79ab5bd055f311bb3ac44a838779270b6,b33b99ae2653b4e675beb7d9eb2c925a1f105bd4,0ac0c21ca05161eaa6a042f347391a2a2fc78c96"
"be4843ef-a2a8-4a0d-91c6-42e165800bb0","0de4247e72d378713bcf22d5c5d3874d079203bb4364e25f67a90d5570bdcce8"
"2b949a0d-939f-456a-a34f-4589d7712227","f026460a7a720d0b8394f28a1f9203dc,21e72a43aedefcd70ca8999cc353b51b,1bd38ac06ef8709ad23af666622609c9,55c36d43dd930069148008902f431ea5,6822566b28be75b2a76446a57064369f,46cae59443ae41f4dbb42e050a9b501a,5dd25029499cd5656927e9c559955b07,1c591efa8660d4d36a75db9b82474174,fc6dadb97bd3b7a61d06f20d0d2e1bac,0703c1e07186cb98837a2ae76f50d42e,41339c852c6e8e4c94323f500c87a79c,d48f681f70e19d2fa521df63bc72ab9e,da7e98b23b49b7293ee06713032c74f6,aae268c4b593156bdae25af5a2a4af21,20afd54ca260e2bf6589fac72935fecf,7eeb4c0cb786a409b94066986addf315,fb7637cfe8562095937f4d6cff420784,bafd6bad121e42f940a0b8abc587eadf,c1fce7aac4e9dd7a730997e2979fa1e2"
"3bc629e8-7bf8-40c2-965b-87eb155e0065","9dfd73dadb2f1c7e9c9d2542981aaa63"
"257d425f-f660-466c-8bee-c24cccf06daa","8f73c1c48ffddfca7d1a98faf83d18ff"
"2ea12acc-95b6-4f91-afb7-8ded7a2fe9d9","6d67da13cf84f15f6797ed929dd8cf5d,0e625b7a7c3f75524e307b160f8db337"
"62e2a967-1f03-4225-a325-122b109208f3","d77fb9fb256b0c2ec0258c39b80dc513,590875a0b2eeb171403fc7d0f5110cb2,392d7180653b0ca77a78bdf15953d865,e3fda6120dfa016a76d975fdab7954f6,a17c403c4b74d4fa920c3887066daeb2,7056549baa6da18910151b08121e2c94"
"7f645b95-4374-47ae-be1a-e4415308b550","c1d063c9422a19944cdaa6714623f2ec"
"181b89e5-4bdd-4e95-b1bc-a294a4adfb29","214a9aba01ee1ba067b2feb382748c16"
"213676bb-ffb9-4d0d-a442-8cefee63acc1","ab859723016484790c87b2218931d55f,dbdac970026703dfa5ccaf69b04086ec,9c56e390589ceb75d773229567924dcd,e4f8cab9d478d892ab076f182a951d0d"
"3fb743b8-d3ed-4873-9c95-e212720dde21","0fd2df82341bf5ebb8a53682e60d08978100c01acb0bed7b6ce2876ada80f670"
"8c2fa9d1-b2b1-4ba1-bad9-60c44c2c20eb","258359a7fa3d975620c9810dab3a6493972876a024135feaf3ac8482179b2e79"
"7a722cd5-69ec-4680-9f20-9387f249a891","702d5606cf2199e0edea6f0e0d27cd10,945ef111161bae49075107e5bc11a23f,24fe18891c173a7c76426d08d2b0630e,aaa8999a169e39fb8b48ae49cd6ac30a,d21fba3d09e5b060bd08796916166218,b5326548762bfaae7a42d5b0898dfeac,e9ccb6bac8715918a2ac35d8f0b4e1e6,28cb0b64134ad62c2acf77db8501a619,f141db170bb4c6e088f30ddc58404ad3,0634299fc837b47b531e4762d946b2ae"
"52ded752-2708-499e-8f37-98e4a9adc23c","dedd07993780d973c22c93e77ab69fa3"
"375e8de3-aae4-488d-8273-66744978b45f","8598e4a12eaa945b35365dd2750b9777"
"ca768fc5-9b5c-4ced-90ab-fd6be9a70199","c533d6d64b474ffc3169a0e0fc0a701a"
"dbb58de1-a1e5-4c7f-8fe0-4033502b1c63","f5938db81d1e620b5c89ca0c5f157a33"
"f4126206-564f-49f5-a942-2138a3131e0e","52b7cd123f6d1b9ed76b08f2ee7d9433,f690bfc0799e51a626ba3931960c3173,3bf217f8ef018ca5ea20947bfdfc0a4d"
"31a962ce-43ef-410f-873a-7ccc8f00332b","4cff6e53430b81ecc4fae453e59a0353bcfe73dd5780abfc35f299c16a97998e"
"84ccb68d-ce34-4aa2-98d5-7f473c2e1b07","5228b7a738dc90a06ae4f4a7412cb1e9"
"ca415ed5-b611-4840-bfb2-6e1eacac33d1","988dabdcf990b134b0ac1e00512c30c4"
"39f427b6-aad3-4cb8-b363-9113a6d53b07","6b6dfb6d952a2e36efd4a387fdb94637"
"0f6c3a28-4d04-474b-a098-37383f984686","8fb149fc476cf5bf18dc575334edad7caf210996"
"193df066-c27c-4343-a4eb-ad2ac417a4cc","fd33fb2735cc5ef466a54807d3436622407287e325276fcd3ed1290c98bd0533"
"137daca4-0d7b-48aa-8574-f7eb6ad02526","5f9785e7535f8f602cb294a54962c9e7"
"cfdc5cb4-be5c-4dcc-a883-825fa72115b4","2850608430dd089f24386f3336c84729"
"9ca73d04-3349-4c16-9384-94c43335a031","4ad13cdb6330cede4b2c4e1be3ee267f"
"1aeb1205-8b02-42b6-a563-b953ea337c19","d052dc4ac3c5bfe34f04abc62a153847,4064a81b6339992cbb4171b43b9a69dc,e58491b5aec097f17e310f83e82ae0c8"
"51808fa6-89a4-4f4d-aabc-0a7b0e99e34d","70053ab9df31eb2dcd6f5b001386a8d2"
"2da3a276-9e38-4ee6-903d-d15f7c355e7c","bce7f34912ff59a3926216b206deb09f,eaea9ccb40c82af8f3867cd0f4dd5e9d,154fd286c96665946d55a7d49923ad7e,ee91da973bebe6442527b3d1abcc3c80,3b23808de1403961205352e94b8f2f9b,9f94028cbcf6789103cb5bb6fcef355d,1c31d4e9ad2d2b5600ae9d0c0969fe59"
"404f6db5-6be8-44a9-9898-badd56f96721","cc383ad11e9d06047a1558ed343f389492da3ac2b84b71462aee502a2fa616c8"
"1c6e1d3b-f825-4065-9e0c-83386883e40f","4cc3ddd5ae268d9a154a426af2c23ef9,2e7d824a49d731da9fc96262a29c85ce,3fda3d414c31ad73efd8ccceeaa3bdc2,560069dc51d3cc7f9cf1f4e940f93cae,8de7dcade65a1f51605a076c1d2b3456,4e92f1c677e08fd09b57032c5b47ca46,288471f132c7249f598032d03575f083,f5e6ef0dcbb3d4a608e9e0bba4d80d0a,36527fdb70ed6f74b70a98129f82ad62,935a7df222f19ac532e831e6bf9e8e45,2229d5a9a92b62df4df9cf51f48436f7,1c9d2a993e99054050b596d88b307d95,b4598c05d5440250633e25933fff42b0,0d8daf471d871deb90225d2953c0eb95,3c1f92a1386fa6cf1ba51bae5e9a98dd,2e7d824a49d731da9fc96262a29c85ce,f8a13d4413a93dd005fad116cbd6b6f7,d4a299c595d35264b5cfd12490a138dc,f758e7d53184faab5bc51f751937fa36,05a6f843c43d75fbce8e885bb8656aa4,fef60a37301e1f5a3020fa3487fb2cd7,6846c2035b4c56b488d2ce2c69a57261"
"de62baae-872d-4e9a-b6d9-b0ac99854c66","443e8d915c04c370b7c31bb5f11ebab7"
"fdf4f85b-47f4-4c98-a0d5-a6583463f565","d5db81974ffda566fa821400419f59be"
"86b9c8d6-9c59-4fd4-befd-ab9a36a19e36","6f922907381ce439790ddf9132f23d74"
"cce291c8-4534-4362-af45-5f45cd32bd92","02198692732722681f246c1b33f7a9d9"
"d5118882-6cdd-4b06-8bf4-e9818f16137e","7d8937c18d6e11a0952e53970a0934cf0e65515637ac24d6ca52ccf4b93d385f"
"51c342f3-0b91-4674-8f81-bc016855f30f","1a234f4643f5658bab07bfa611282267"
"2d7c96d3-2d6c-44cd-a8a1-5239f571a24a","3cf7a55ec897cc938aebb8161cb8e74f"
"31797996-6973-402d-a4a0-d01ce51e02c0","5bab40019419a2713298a5c9173e5d30"
"13973a71-412f-4a18-a2a6-476d3853f8de","f16b44cca74d3c3645e4c0a6bb5c0cb9,130c5aec46bdec8d534df7222d160fdb,013719e840e955c2e4cd9d18c94a2625,aa12c1cb47c443c6108bfe7fc1a34d98,0490f5961e0980792f5cb5aedf081dd7,0be5c6476dd58072c93af4fca62ee4b3,13ee349c15ee5d6cf640b3d0111ffc0e"
"9543c507-9b10-4de8-89b9-42a4f24c99ec","c552dae8eaadd708a38704e8d62cf64d,ecccbf1e7c727f923c9d709707800e6c,cafbf85b902f189ba35f3d7823aad195,9fdcd543574a712a80d62da8bfd8331c,05369fa594a033e48b7921018b3263fb"
"cacf18a5-6d7d-4a63-92d4-bda386a3da18","e9bb5b44d73669d74dcca8dbe64cc3d8"
"afed9dff-245e-4875-a156-3c5584beed03","537e2c3020b1d48b125da593e66508ec,8fbb1ffc6f13f9d5ee8480b36baffc52,76d1d4d285f74059f32b8ad19a146d0c,f41eea88057d3dd1a56027c4174eed22,c4f5619ce04d4bee38024d08513c77fd,5093f38d597532d59d4df9018056f0d1,790ccca8341919bb8bb49262a21fca0e,7978d858168fadd05c17779da5f4695a,d660fc7255646d5014d45c3bca9c6e20,b3424a229d845a88340045c29327c529"
"1ab1ec8c-1231-4ba4-8804-4a2cda103bb8","7d0b8d03f0c985e27e5dc7263fa3f0ae"
"2e4fedb0-30ed-400d-b4e1-b2b2004c1607","ccf523b951afaa0147f22e2a7aae4976,96421b56dbda73e9b965f027a3bda7ba"
"c4eab0c0-caf2-42b9-84f1-b4690d3db0d4","33fc573c0e8bedfe3614e17219273429"
"ff74f03e-e4ce-4242-bfe3-60601056bb34","803a371a78d528a44ef8777f67443b16"
"bc5e020a-ecff-43c8-b57b-ee17b5f65b21","9a237fa07ce3ed06ea924a9bed4a6b99,5efbbfcc6adac121c8e2fe76641ed329,0be4a11bc261f3cd8b4dbfebee88c209,d86269ba823c9ecf49a145540cd0b3df,230fd3749904ca045ea5ec0aa14006e9"
"c2e70ee6-2f13-4d43-ad5a-c2bf033cc457","823da894b2c73ffcd39e77366b6f1abf0ae9604d9b20140a54e6d55053aadeba"
"3e0bf6dc-791b-4170-8c40-427e7299d93d","697f698b59f32f66cd8166e43a5c49c7"
"e6378671-986d-42a1-8e7a-717117c83751","ef32d203a12462403c205b39eb4eef5b,525ef6014f0ef20e44fe47c1d9980b69"
"a4aa80bc-4ecd-49ab-bc0f-0f49b07fdd7f","9cbdb5fb6dc63cb13f10b6333407cbb9,4ae55080ec8aed49343e40d08370195c,bdc3b6b83dde7111d5d6b9a2aadf233f,31a331a88c6280555859455518a95c35,875c44411674b75feb07592aeffa09c1,dad8f40626ed4702e0e8502562d93d7c,f14359ceb3705d77353b244bb795b552"
"080a834f-3e19-4cae-b940-a4ecf901db28","31e8d7b070dcc6cd92cec9d6d2254afe"
"a02e1801-f6fb-41c3-a782-05fdbed44a3c","ce59e4ab8405192dd47be9a762c197d8"
"7196366e-04f0-4aaf-9184-ed0a0d21a75f","be03e9541f56ac6ed1e81407dcd7cc85c0ffc538c3c2c2c8a9c747edbcf13100"
"8e673a36-4f16-4f4c-acf7-ca95bc586384","6d6dfb7a684f7374656aea13ad764e90"
"1d4f7a3a-786b-4a74-b34f-14d44343de9e","d7bc7306cb489fe4c285bbeddc6d1a09e814ef55cf30bd5b8daf87a52396f102"

